,mass_A,,,,mass_C,,,,mass_B,,mass_C
t,x,y,vx,vy,x,y,vx,vy,θ,ω,θ
0E+00,1.322225E-01,2.796927E-03,,,1.388539E-01,2.796927E-03,,,-9.842697E+01,,0E+00
5E-04,1.321993E-01,2.824214E-03,-1.462164E-02,2.113916E-02,1.388232E-01,2.822914E-03,-2.084857E-02,2.081199E-02,-9.776473E+01,7.215739E+02,-1.123895E-02
1E-03,1.322079E-01,2.818066E-03,-7.961076E-03,1.607146E-03,1.388331E-01,2.817739E-03,-4.53358E-03,4.448633E-03,-9.77054E+01,1.161175E+01,-2.829438E-03
1.5E-03,1.321913E-01,2.825821E-03,-5.191238E-03,-7.907767E-03,1.388187E-01,2.827363E-03,-3.202195E-03,-4.934776E-03,-9.775312E+01,4.330401E+02,1.333234E-02
2E-03,1.322027E-01,2.810159E-03,8.619494E-03,-9.430605E-03,1.388298E-01,2.812804E-03,9.675576E-03,-1.015775E-02,-9.727236E+01,6.972492E+02,2.28746E-02
2.5E-03,1.321999E-01,2.81639E-03,-9.216307E-03,4.716652E-03,1.388284E-01,2.817205E-03,-4.753466E-03,5.721661E-03,-9.705587E+01,6.992821E+02,7.044829E-03
3E-03,1.321934E-01,2.814875E-03,-1.209341E-02,4.554958E-03,1.388251E-01,2.818526E-03,-1.291622E-02,2.286676E-03,-9.657307E+01,1.462218E+03,3.154223E-02
3.5E-03,1.321878E-01,2.820945E-03,-8.203588E-04,8.128313E-03,1.388155E-01,2.819492E-03,-1.284534E-02,5.582297E-03,-9.559366E+01,2.931879E+03,-1.256356E-02
4E-03,1.321926E-01,2.823004E-03,6.748886E-03,4.077858E-03,1.388123E-01,2.824108E-03,4.202027E-04,1.560864E-02,-9.364119E+01,3.569988E+03,9.562642E-03
4.5E-03,1.321946E-01,2.825023E-03,1.386613E-02,-1.39601E-04,1.388159E-01,2.835101E-03,-1.329268E-03,1.20158E-02,-9.202367E+01,4.039683E+03,8.720309E-02
5E-03,1.322065E-01,2.822864E-03,4.230534E-02,8.396398E-03,1.388109E-01,2.836124E-03,2.225953E-03,1.193262E-02,-8.960151E+01,4.637504E+03,1.15037E-01
5.5E-03,1.322369E-01,2.833419E-03,4.051948E-02,1.3684E-02,1.388181E-01,2.847033E-03,8.608828E-03,4.447594E-03,-8.738616E+01,5.77692E+03,1.185202E-01
6E-03,1.32247E-01,2.836548E-03,3.89213E-04,2.841247E-02,1.388195E-01,2.840572E-03,-1.039173E-02,1.25734E-02,-8.382459E+01,1.163599E+04,3.507752E-02
6.5E-03,1.322373E-01,2.861832E-03,-3.547933E-02,3.016735E-02,1.388077E-01,2.859607E-03,-1.541084E-02,1.967163E-02,-7.575017E+01,1.152126E+04,-1.940546E-02
7E-03,1.322115E-01,2.866715E-03,-5.930954E-02,5.456834E-04,1.388041E-01,2.860243E-03,-2.149758E-02,1.1578E-02,-7.230333E+01,1.260746E+04,-5.624688E-02
7.5E-03,1.32178E-01,2.862378E-03,-8.221571E-02,-1.164738E-02,1.387862E-01,2.871185E-03,-2.787442E-02,2.726779E-03,-6.314271E+01,1.131545E+04,7.635944E-02
8E-03,1.321293E-01,2.855068E-03,-1.067117E-01,4.341269E-02,1.387762E-01,2.86297E-03,-7.403985E-03,7.091834E-03,-6.098788E+01,8.953884E+03,6.811661E-02
8.5E-03,1.320712E-01,2.90579E-03,-1.237433E-01,4.94362E-02,1.387788E-01,2.878276E-03,-1.921182E-02,3.801025E-03,-5.418883E+01,1.309954E+04,-2.350213E-01
9E-03,1.320056E-01,2.904504E-03,-1.470538E-01,5.512169E-02,1.38757E-01,2.866771E-03,-9.196849E-03,2.729572E-03,-4.788834E+01,1.213613E+04,-3.202144E-01
9.5E-03,1.319242E-01,2.960912E-03,-1.178335E-01,6.434326E-02,1.387696E-01,2.881006E-03,2.453488E-02,5.817516E-03,-4.20527E+01,2.750772E+04,-6.687783E-01
1E-02,1.318877E-01,2.968847E-03,-1.09489E-01,6.181386E-02,1.387816E-01,2.872589E-03,2.412914E-02,-7.544958E-03,-2.038063E+01,2.647826E+04,-7.999702E-01
1.05E-02,1.318147E-01,3.022726E-03,-1.432438E-01,4.80118E-02,1.387937E-01,2.873461E-03,2.584346E-02,-3.613466E-02,-1.557444E+01,1.132722E+04,-1.225232E+00
1.1E-02,1.317445E-01,3.016859E-03,-1.058944E-01,2.637879E-02,1.388074E-01,2.836454E-03,1.911844E-02,-2.839184E-02,-9.053412E+00,1.143662E+04,-1.463164E+00
1.15E-02,1.317088E-01,3.049105E-03,-1.089564E-01,1.338167E-02,1.388129E-01,2.845069E-03,-3.359004E-02,1.886473E-04,-4.137822E+00,9.428365E+03,-1.64514E+00
1.2E-02,1.316355E-01,3.030241E-03,-9.715261E-02,-5.222997E-02,1.387738E-01,2.836643E-03,-4.397526E-02,-3.568008E-03,3.749535E-01,6.6995E+03,-1.553545E+00
1.25E-02,1.316117E-01,2.996875E-03,-3.80223E-02,-3.537203E-02,1.387689E-01,2.841501E-03,-2.509149E-02,1.319845E-02,2.561678E+00,1.648799E+04,-1.243617E+00
1.3E-02,1.315975E-01,2.994869E-03,-2.178422E-02,1.807355E-02,1.387487E-01,2.849841E-03,-1.002691E-02,1.146429E-02,1.686295E+01,2.407773E+04,-1.161808E+00
1.35E-02,1.315899E-01,3.014948E-03,-3.346329E-02,-6.113199E-03,1.387589E-01,2.852965E-03,-2.381514E-04,-2.101469E-04,2.663941E+01,8.903229E+03,-1.294374E+00
1.4E-02,1.315641E-01,2.988756E-03,-6.938251E-02,1.683615E-02,1.387485E-01,2.849631E-03,-4.141222E-02,7.080525E-03,2.576618E+01,1.392398E+04,-1.109378E+00
1.45E-02,1.315205E-01,3.031784E-03,-9.304348E-02,4.469258E-02,1.387174E-01,2.860046E-03,-1.014999E-01,-1.796765E-03,4.056339E+01,1.955063E+04,-1.366969E+00
1.5E-02,1.31471E-01,3.033448E-03,-7.188235E-02,1.712436E-02,1.38647E-01,2.847834E-03,-1.060854E-01,-4.452954E-03,4.531681E+01,1.009737E+04,-1.481683E+00
1.55E-02,1.314486E-01,3.048909E-03,-5.151169E-02,2.585305E-02,1.386114E-01,2.855593E-03,-7.655E-02,-7.535563E-03,5.066076E+01,1.11427E+04,-1.545982E+00
1.6E-02,1.314195E-01,3.059301E-03,-3.65533E-02,1.36965E-02,1.385704E-01,2.840299E-03,-5.971456E-02,-2.921985E-02,5.64595E+01,4.723659E+03,-1.754175E+00
1.65E-02,1.31412E-01,3.062605E-03,9.371534E-03,-1.052819E-02,1.385516E-01,2.826373E-03,-9.214814E-02,-3.017672E-03,5.538442E+01,8.397695E+03,-1.895089E+00
1.7E-02,1.314289E-01,3.048773E-03,2.742381E-02,-2.057831E-02,1.384783E-01,2.837281E-03,-1.002931E-01,1.987153E-02,6.48572E+01,9.872209E+03,-1.718434E+00
1.75E-02,1.314395E-01,3.042027E-03,-2.474858E-03,-1.297977E-02,1.384513E-01,2.846245E-03,-5.942056E-02,1.045538E-02,6.525663E+01,3.575233E+03,-1.59937E+00
1.8E-02,1.314264E-01,3.035793E-03,-2.322164E-02,-2.079722E-02,1.384189E-01,2.847736E-03,-5.49307E-02,-2.81333E-03,6.843243E+01,7.351176E+03,-1.540552E+00
1.85E-02,1.314163E-01,3.02123E-03,-1.945769E-02,5.544325E-03,1.383964E-01,2.843431E-03,-2.029846E-02,4.00271E-03,7.260781E+01,8.261514E+03,-1.459119E+00
1.9E-02,1.314069E-01,3.041338E-03,-1.401738E-02,3.67854E-02,1.383986E-01,2.851739E-03,-9.307095E-03,6.818759E-03,7.669395E+01,5.84301E+03,-1.553361E+00
1.95E-02,1.314022E-01,3.058015E-03,-2.423059E-02,1.45772E-02,1.383871E-01,2.85025E-03,-3.034319E-02,-1.085193E-02,7.845082E+01,3.929606E+03,-1.703759E+00
2E-02,1.313827E-01,3.055915E-03,-7.918575E-02,-8.433858E-03,1.383682E-01,2.840887E-03,-8.486387E-02,-6.094134E-03,8.062355E+01,1.861047E+03,-1.763116E+00
2.05E-02,1.31323E-01,3.049581E-03,-9.954477E-02,-3.430524E-03,1.383022E-01,2.844156E-03,-1.008926E-01,1.013286E-02,8.031186E+01,-4.796952E+02,-1.685954E+00
2.1E-02,1.312832E-01,3.052484E-03,-7.11308E-02,-8.375792E-03,1.382673E-01,2.85102E-03,-7.848974E-02,-1.43611E-03,8.014386E+01,8.014522E+02,-1.652286E+00
2.15E-02,1.312519E-01,3.041205E-03,-4.915804E-02,8.517147E-05,1.382238E-01,2.84272E-03,-6.433758E-02,-3.087073E-03,8.111332E+01,1.171663E+03,-1.630748E+00
2.2E-02,1.31234E-01,3.052569E-03,-1.5376E-02,-1.482085E-04,1.38203E-01,2.847933E-03,-1.252954E-02,5.59922E-03,8.131552E+01,3.103566E+02,-1.681941E+00
2.25E-02,1.312365E-01,3.041057E-03,-2.183516E-02,2.538868E-03,1.382112E-01,2.848319E-03,-7.320955E-03,1.424462E-02,8.142367E+01,-8.908849E+01,-1.582906E+00
2.3E-02,1.312122E-01,3.055108E-03,-1.958467E-02,9.327193E-04,1.381957E-01,2.862178E-03,-6.114144E-03,-5.922719E-03,8.122643E+01,-5.230925E+02,-1.582486E+00
2.35E-02,1.31217E-01,3.04199E-03,-9.124168E-03,-2.716361E-03,1.382051E-01,2.842396E-03,-4.361586E-03,-7.389149E-02,8.090058E+01,-5.190285E+02,-1.63602E+00
2.4E-02,1.31203E-01,3.052392E-03,-2.18545E-02,-1.763876E-02,1.381913E-01,2.788286E-03,-7.706794E-02,-4.257992E-02,8.07074E+01,-7.239357E+02,-2.164334E+00
2.45E-02,1.311951E-01,3.024351E-03,-7.447518E-02,-3.08952E-02,1.38128E-01,2.799816E-03,-1.102875E-01,3.156958E-02,8.017664E+01,-1.631736E+03,-1.85497E+00
2.5E-02,1.311286E-01,3.021497E-03,-1.018751E-01,-1.987666E-02,1.38081E-01,2.819856E-03,-7.171048E-02,2.649898E-02,7.907567E+01,-1.743393E+03,-1.661275E+00
2.55E-02,1.310932E-01,3.004475E-03,-4.386067E-02,-1.560588E-02,1.380563E-01,2.826315E-03,-3.122151E-02,2.130697E-02,7.843325E+01,-1.101482E+03,-1.465659E+00
2.6E-02,1.310847E-01,3.005891E-03,-2.264465E-02,4.709907E-03,1.380498E-01,2.841163E-03,-3.175559E-02,2.367732E-02,7.797418E+01,-3.64462E+02,-1.354823E+00
2.65E-02,1.310706E-01,3.009184E-03,-3.356022E-02,9.916121E-03,1.380246E-01,2.849993E-03,-3.956113E-02,1.811453E-02,7.806879E+01,4.690831E+01,-1.311393E+00
2.7E-02,1.310511E-01,3.015807E-03,-2.461736E-02,1.071389E-02,1.380102E-01,2.859277E-03,-1.69673E-02,-3.478198E-02,7.802109E+01,1.803479E+02,-1.288527E+00
2.75E-02,1.31046E-01,3.019898E-03,-8.297991E-03,1.71775E-02,1.380076E-01,2.815211E-03,-5.930103E-02,-2.085672E-02,7.824914E+01,3.558909E+02,-1.684136E+00
2.8E-02,1.310429E-01,3.032984E-03,-1.342176E-02,4.096769E-03,1.379509E-01,2.83842E-03,-9.555859E-02,1.991588E-02,7.837698E+01,9.999689E+02,-1.613289E+00
2.85E-02,1.310325E-01,3.023995E-03,-2.080249E-02,1.229412E-02,1.379121E-01,2.835127E-03,-4.982755E-02,6.844274E-03,7.924911E+01,2.283997E+03,-1.57259E+00
2.9E-02,1.31022E-01,3.045279E-03,-9.018086E-03,3.94663E-03,1.379011E-01,2.845265E-03,-2.915106E-02,4.087454E-03,8.066098E+01,2.486791E+03,-1.665447E+00
2.95E-02,1.310235E-01,3.027942E-03,-2.742174E-02,-1.237964E-02,1.378829E-01,2.839214E-03,-3.090168E-02,9.290159E-03,8.17359E+01,1.723728E+03,-1.576028E+00
3E-02,1.309946E-01,3.032899E-03,-8.853302E-02,-5.161043E-03,1.378702E-01,2.854555E-03,-2.557067E-02,8.600815E-03,8.238471E+01,1.266002E+03,-1.485847E+00
3.05E-02,1.30935E-01,3.022781E-03,-1.004531E-01,1.083741E-03,1.378573E-01,2.847815E-03,-1.702695E-02,-6.323155E-03,8.30019E+01,1.59577E+03,-1.447873E+00
3.1E-02,1.308942E-01,3.033983E-03,-6.548812E-02,7.844414E-03,1.378532E-01,2.848232E-03,1.750279E-02,-1.644671E-02,8.398048E+01,3.028286E+03,-1.528984E+00
3.15E-02,1.308695E-01,3.030625E-03,-3.631891E-02,3.807469E-03,1.378748E-01,2.831368E-03,3.757761E-02,-2.207004E-02,8.603019E+01,3.943177E+03,-1.62926E+00
3.2E-02,1.308579E-01,3.03779E-03,-3.501721E-02,-1.022067E-02,1.378908E-01,2.826162E-03,1.187997E-02,-2.383849E-02,8.792366E+01,4.65053E+03,-1.723576E+00
3.25E-02,1.308345E-01,3.020404E-03,-9.59334E-02,-7.253434E-04,1.378867E-01,2.80753E-03,-6.592749E-03,-1.40666E-02,9.068072E+01,4.185379E+03,-1.728975E+00
3.3E-02,1.307619E-01,3.037065E-03,-1.119277E-01,1.580787E-02,1.378842E-01,2.812095E-03,-4.124818E-03,-1.952343E-02,9.210903E+01,2.886545E+03,-1.809193E+00
3.35E-02,1.307226E-01,3.036212E-03,-6.319883E-02,4.467654E-03,1.378826E-01,2.788006E-03,-2.709753E-02,-1.60628E-02,9.356726E+01,3.796363E+03,-1.985392E+00
3.4E-02,1.306987E-01,3.041532E-03,-4.735306E-02,-5.10229E-03,1.378571E-01,2.796032E-03,-6.311269E-02,-1.82322E-02,9.59054E+01,4.605175E+03,-1.964224E+00
3.45E-02,1.306752E-01,3.03111E-03,-3.340799E-02,-6.710109E-03,1.378195E-01,2.769774E-03,-1.200903E-01,3.67362E-02,9.817244E+01,4.446626E+03,-2.094934E+00
3.5E-02,1.306653E-01,3.034822E-03,-7.134606E-02,-5.719547E-03,1.37737E-01,2.832768E-03,-1.335748E-01,6.554642E-02,1.00352E+02,4.251137E+03,-1.636627E+00
3.55E-02,1.306039E-01,3.02539E-03,-1.229541E-01,1.612647E-02,1.376859E-01,2.835321E-03,-6.934252E-02,2.696065E-02,1.024236E+02,4.524324E+03,-1.537352E+00
3.6E-02,1.305424E-01,3.050949E-03,-7.39185E-02,2.486697E-03,1.376676E-01,2.859729E-03,-1.928559E-02,-1.027174E-02,1.048763E+02,5.941943E+03,-1.537266E+00
3.65E-02,1.305299E-01,3.027877E-03,-4.497E-02,-3.424444E-02,1.376666E-01,2.825049E-03,-9.528979E-02,-1.965136E-02,1.083655E+02,8.101351E+03,-1.627941E+00
3.7E-02,1.304974E-01,3.016704E-03,-7.09998E-02,2.234717E-02,1.375724E-01,2.840078E-03,-1.299354E-01,3.655917E-02,1.129777E+02,7.703759E+03,-1.430093E+00
3.75E-02,1.304589E-01,3.050224E-03,-1.459306E-01,1.910708E-02,1.375367E-01,2.861608E-03,-6.185948E-02,2.495418E-02,1.160693E+02,1.554693E+04,-1.526528E+00
3.8E-02,1.303515E-01,3.035811E-03,-1.291275E-01,-2.441231E-02,1.375105E-01,2.865032E-03,-2.921314E-02,-4.545957E-03,1.285246E+02,7.023914E+03,-1.366538E+00
3.85E-02,1.303298E-01,3.025812E-03,-1.131681E-01,-1.198546E-02,1.375075E-01,2.857062E-03,-9.595297E-03,-8.245488E-03,1.230932E+02,-1.724426E+03,-1.346803E+00
3.9E-02,1.302383E-01,3.023826E-03,-1.61549E-01,6.744034E-03,1.375009E-01,2.856786E-03,-2.051946E-03,-7.099959E-03,1.268002E+02,6.538993E+03,-1.317567E+00
3.95E-02,1.301683E-01,3.032556E-03,-1.115737E-01,1.047886E-02,1.375054E-01,2.849962E-03,1.052923E-03,-1.340604E-02,1.296322E+02,5.359038E+03,-1.425582E+00
4E-02,1.301267E-01,3.034305E-03,-1.174562E-01,-4.849044E-03,1.37502E-01,2.84338E-03,1.866917E-03,-2.107763E-02,1.321592E+02,5.834018E+03,-1.482898E+00
4.05E-02,1.300508E-01,3.027707E-03,-1.415787E-01,-5.832975E-03,1.375073E-01,2.828884E-03,7.670298E-03,-1.910483E-02,1.354662E+02,6.569816E+03,-1.527398E+00
4.1E-02,1.299851E-01,3.028472E-03,-9.35653E-02,-2.222372E-02,1.375096E-01,2.824276E-03,6.240797E-03,-2.054197E-02,1.387291E+02,1.779664E+04,-1.554488E+00
4.15E-02,1.299572E-01,3.005483E-03,-4.056563E-02,-4.284399E-02,1.375135E-01,2.808342E-03,1.127154E-02,-2.488477E-02,1.532628E+02,8.149808E+03,-1.494489E+00
4.2E-02,1.299446E-01,2.985628E-03,-7.507039E-03,-3.860141E-02,1.375209E-01,2.799391E-03,1.618276E-02,-1.922374E-02,1.468789E+02,-8.805115E+02,-1.408131E+00
4.25E-02,1.299497E-01,2.966882E-03,-2.777173E-02,-5.571443E-02,1.375297E-01,2.789119E-03,-1.909575E-02,1.715559E-03,1.523823E+02,2.355299E+04,-1.343438E+00
4.3E-02,1.299168E-01,2.929913E-03,-1.151477E-01,-1.54922E-02,1.375018E-01,2.801106E-03,-6.508945E-02,4.197443E-02,1.704319E+02,9.603456E+03,-9.728938E-01
4.35E-02,1.298346E-01,2.95139E-03,-1.312092E-01,1.783193E-02,1.374646E-01,2.831093E-03,-1.218564E-01,2.535471E-02,1.619858E+02,6.790025E+03,-9.032622E-01
4.4E-02,1.297856E-01,2.947745E-03,-8.098289E-02,-3.752257E-02,1.373799E-01,2.826461E-03,-1.174639E-01,2.153097E-03,1.772219E+02,1.829031E+04,-9.149554E-01
4.45E-02,1.297536E-01,2.913867E-03,-1.295648E-01,-3.168646E-02,1.373472E-01,2.833246E-03,-6.826674E-02,1.448737E-03,1.802761E+02,8.677008E+03,-6.082881E-01
4.5E-02,1.29656E-01,2.916059E-03,-1.433745E-01,-6.246183E-03,1.373117E-01,2.82791E-03,-6.768494E-02,-4.976214E-02,1.858989E+02,1.108679E+04,-6.596897E-01
4.55E-02,1.296102E-01,2.907621E-03,-7.292378E-02,-1.677579E-03,1.372795E-01,2.783484E-03,-1.136822E-01,-1.677326E-02,1.913629E+02,1.146849E+04,-9.27328E-01
4.6E-02,1.295831E-01,2.914381E-03,-1.026958E-01,-1.996466E-03,1.37198E-01,2.811137E-03,-1.406749E-01,1.743642E-02,1.973674E+02,1.526101E+04,-7.76785E-01
4.65E-02,1.295075E-01,2.905624E-03,-1.005972E-01,-4.988092E-03,1.371388E-01,2.800921E-03,-1.289431E-01,-2.075811E-02,2.066239E+02,1.374091E+04,-7.860723E-01
4.7E-02,1.294825E-01,2.909393E-03,-4.462261E-02,7.427141E-03,1.370691E-01,2.790378E-03,-1.827003E-01,2.148694E-02,2.111083E+02,1.302563E+04,-8.987611E-01
4.75E-02,1.294629E-01,2.913052E-03,-4.658244E-02,-1.902104E-03,1.369561E-01,2.822407E-03,-2.016115E-01,3.268984E-02,2.196495E+02,1.512611E+04,-6.93067E-01
4.8E-02,1.294359E-01,2.907491E-03,-3.104442E-02,-6.340142E-03,1.368674E-01,2.823068E-03,-1.61339E-01,2.164385E-02,2.262344E+02,1.278259E+04,-6.508591E-01
4.85E-02,1.294319E-01,2.906711E-03,-2.253008E-02,-4.543948E-03,1.367948E-01,2.844051E-03,-1.202942E-01,1.456842E-02,2.324321E+02,1.273503E+04,-4.875911E-01
4.9E-02,1.294134E-01,2.902947E-03,-2.743705E-02,1.081368E-02,1.367471E-01,2.837637E-03,-1.469441E-01,-1.442276E-03,2.389694E+02,1.490626E+04,-5.102328E-01
4.95E-02,1.294044E-01,2.917525E-03,-1.974061E-02,-2.642509E-04,1.366478E-01,2.842609E-03,-1.597942E-01,-1.059872E-02,2.473384E+02,1.983918E+04,-5.925724E-01
5E-02,1.293937E-01,2.902683E-03,-3.989677E-02,2.672454E-02,1.365874E-01,2.827038E-03,-1.169531E-01,4.737231E-02,2.588086E+02,1.412897E+04,-6.024692E-01
5.05E-02,1.293645E-01,2.94425E-03,-6.287036E-02,7.449331E-02,1.365309E-01,2.889981E-03,-1.369683E-01,4.381302E-02,2.614673E+02,9.298886E+03,-4.338751E-01
5.1E-02,1.293308E-01,2.977176E-03,-6.056304E-02,4.627064E-02,1.364504E-01,2.870851E-03,-1.731687E-01,1.98499E-02,2.681075E+02,7.988408E+03,-8.556012E-01
5.15E-02,1.29304E-01,2.99052E-03,-7.736301E-02,-3.078144E-02,1.363577E-01,2.909831E-03,-1.788007E-01,3.441966E-02,2.694557E+02,3.407309E+03,-6.553912E-01
5.2E-02,1.292534E-01,2.946395E-03,-8.266464E-02,-1.690509E-02,1.362716E-01,2.905271E-03,-1.439597E-01,3.846621E-02,2.715148E+02,4.359191E+03,-3.357313E-01
5.25E-02,1.292213E-01,2.973615E-03,-5.904226E-02,7.053862E-03,1.362137E-01,2.948297E-03,-1.45948E-01,4.068639E-02,2.738149E+02,1.736413E+04,-2.074527E-01
5.3E-02,1.291944E-01,2.953449E-03,-4.501155E-02,-3.305544E-02,1.361256E-01,2.945957E-03,-1.430321E-01,7.280467E-03,2.888789E+02,1.478233E+04,-6.19284E-02
5.35E-02,1.291763E-01,2.94056E-03,-7.14669E-02,-3.057077E-02,1.360707E-01,2.955578E-03,-1.136028E-01,2.818351E-02,2.885973E+02,9.765284E+02,1.248077E-01
5.4E-02,1.291229E-01,2.922878E-03,-1.322647E-01,-7.205022E-03,1.36012E-01,2.974141E-03,-1.601099E-01,4.73012E-02,2.898555E+02,2.751078E+03,4.263355E-01
5.45E-02,1.29044E-01,2.933355E-03,-1.122797E-01,2.387323E-02,1.359106E-01,3.002879E-03,-1.630454E-01,3.875896E-02,2.913483E+02,7.755413E+03,5.80104E-01
5.5E-02,1.290106E-01,2.946751E-03,-1.042229E-01,3.961992E-02,1.35849E-01,3.0129E-03,-1.195062E-01,2.378478E-02,2.976109E+02,5.842137E+03,5.542125E-01
5.55E-02,1.289398E-01,2.972975E-03,-1.569479E-01,3.106371E-02,1.357911E-01,3.026664E-03,-1.331203E-01,-2.904839E-03,2.971905E+02,-1.071979E+03,4.489827E-01
5.6E-02,1.288537E-01,2.977815E-03,-1.537803E-01,6.274603E-03,1.357159E-01,3.009995E-03,-1.282608E-01,-3.916058E-02,2.965389E+02,6.737146E+03,2.686831E-01
5.65E-02,1.28786E-01,2.979249E-03,-1.641298E-01,-1.765326E-02,1.356628E-01,2.987503E-03,-1.562838E-01,-2.80327E-02,3.039276E+02,1.525421E+04,6.877054E-02
5.7E-02,1.286896E-01,2.960162E-03,-1.385776E-01,-5.166144E-03,1.355596E-01,2.981962E-03,-1.627114E-01,1.689913E-02,3.117931E+02,-1.963647E+02,1.818134E-01
5.75E-02,1.286475E-01,2.974083E-03,-1.384067E-01,-2.263834E-02,1.355001E-01,3.004402E-03,-9.562914E-02,-1.851401E-02,3.037313E+02,-6.700277E+03,2.535012E-01
5.8E-02,1.285511E-01,2.937523E-03,-1.567976E-01,-3.052416E-02,1.35464E-01,2.963448E-03,-1.204526E-01,-3.678203E-02,3.050928E+02,8.889974E+03,2.148718E-01
5.85E-02,1.284907E-01,2.943559E-03,-1.289721E-01,-1.398533E-02,1.353797E-01,2.96762E-03,-1.462222E-01,1.462744E-02,3.126212E+02,8.269655E+02,2.001179E-01
5.9E-02,1.284222E-01,2.923538E-03,-1.546647E-01,-2.133234E-02,1.353177E-01,2.978075E-03,-8.113513E-02,-3.285416E-02,3.059198E+02,6.558178E+03,4.531469E-01
5.95E-02,1.28336E-01,2.922227E-03,-1.383449E-01,1.709421E-02,1.352985E-01,2.934766E-03,-1.170848E-01,-2.133329E-02,3.191794E+02,6.843238E+03,1.031903E-01
6E-02,1.282838E-01,2.940632E-03,-1.337148E-01,1.377472E-02,1.352006E-01,2.956742E-03,-1.642509E-01,6.369135E-02,3.12763E+02,4.021246E+03,1.334471E-01
6.05E-02,1.282023E-01,2.936001E-03,-1.660972E-01,1.225527E-02,1.351343E-01,2.998458E-03,-1.26871E-01,2.795586E-02,3.232007E+02,6.608709E+03,5.162125E-01
6.1E-02,1.281177E-01,2.952887E-03,-1.493011E-01,8.992599E-03,1.350738E-01,2.984698E-03,-1.355123E-01,6.764549E-03,3.193717E+02,-1.649944E+01,2.620162E-01
6.15E-02,1.28053E-01,2.944994E-03,-1.681673E-01,-2.557483E-03,1.349988E-01,3.005222E-03,-1.38811E-01,9.973215E-03,3.231842E+02,-8.135683E+02,4.9681E-01
6.2E-02,1.279496E-01,2.95033E-03,-1.485266E-01,6.870255E-03,1.34935E-01,2.994671E-03,-1.661212E-01,-1.764831E-02,3.185582E+02,-1.541815E+03,3.636915E-01
6.25E-02,1.279044E-01,2.951864E-03,-1.461076E-01,1.857329E-02,1.348326E-01,2.987574E-03,-1.538073E-01,-1.192735E-02,3.216423E+02,1.313462E+04,2.953142E-01
6.3E-02,1.278035E-01,2.968903E-03,-1.688834E-01,1.478885E-02,1.347812E-01,2.982744E-03,-9.44326E-02,-2.984017E-02,3.316928E+02,7.009969E+02,1.136486E-01
6.35E-02,1.277356E-01,2.966653E-03,-1.632164E-01,7.879891E-03,1.347382E-01,2.957734E-03,-1.331078E-01,-2.841812E-02,3.223433E+02,-5.354676E+03,-7.297871E-02
6.4E-02,1.276402E-01,2.976783E-03,-1.774403E-01,-9.613034E-03,1.34648E-01,2.954326E-03,-1.379558E-01,-3.441826E-02,3.263381E+02,8.291874E+03,-1.836111E-01
6.45E-02,1.275581E-01,2.95704E-03,-1.612868E-01,4.481622E-02,1.346002E-01,2.923315E-03,-7.403603E-02,-1.906709E-02,3.306352E+02,8.065964E+03,-2.743866E-01
6.5E-02,1.27479E-01,3.021599E-03,-1.478596E-01,4.521393E-02,1.34574E-01,2.935259E-03,-1.272298E-01,3.8684E-02,3.344041E+02,1.405342E+04,-6.972058E-01
6.55E-02,1.274103E-01,3.002254E-03,-1.306358E-01,8.004331E-03,1.34473E-01,2.961999E-03,-1.591385E-01,4.385141E-02,3.446886E+02,1.330204E+04,-3.26557E-01
6.6E-02,1.273483E-01,3.029604E-03,-1.485583E-01,3.593118E-02,1.344149E-01,2.97911E-03,-9.922311E-02,2.450277E-03,3.477061E+02,6.711622E+03,-4.093967E-01
6.65E-02,1.272617E-01,3.038185E-03,-1.386771E-01,-1.15492E-02,1.343738E-01,2.96445E-03,-1.337724E-01,-1.594756E-02,3.514003E+02,4.580828E+03,-5.939998E-01
6.7E-02,1.272096E-01,3.018054E-03,-1.394057E-01,-3.151396E-02,1.342811E-01,2.963162E-03,-1.504802E-01,-2.573713E-02,3.52287E+02,8.627733E+03,-4.44748E-01
6.75E-02,1.271223E-01,3.006671E-03,-1.560334E-01,-3.383365E-03,1.342233E-01,2.938713E-03,-1.741662E-01,-2.732132E-02,3.60028E+02,1.513901E+04,-5.483194E-01
6.8E-02,1.270536E-01,3.014671E-03,-1.0833E-01,-1.563096E-02,1.341069E-01,2.935841E-03,-1.973869E-01,-4.59283E-04,3.67426E+02,1.515999E+04,-6.403271E-01
6.85E-02,1.27014E-01,2.99104E-03,-1.386039E-01,2.34272E-02,1.340259E-01,2.938253E-03,-1.951182E-01,9.335508E-03,3.75188E+02,1.465997E+04,-4.313221E-01
6.9E-02,1.26915E-01,3.038098E-03,-1.653444E-01,2.916821E-02,1.339118E-01,2.945177E-03,-1.934226E-01,2.502302E-03,3.820859E+02,1.386566E+04,-7.608759E-01
6.95E-02,1.268486E-01,3.020208E-03,-1.907439E-01,1.446723E-02,1.338325E-01,2.940756E-03,-1.961183E-01,7.426565E-03,3.890536E+02,1.619097E+04,-6.518036E-01
7E-02,1.267243E-01,3.052566E-03,-1.987625E-01,1.701669E-02,1.337157E-01,2.952603E-03,-1.983674E-01,2.4048E-03,3.982769E+02,1.391704E+04,-8.191489E-01
7.05E-02,1.266499E-01,3.037225E-03,-1.682835E-01,2.412092E-02,1.336341E-01,2.94316E-03,-1.769703E-01,-2.657916E-03,4.029707E+02,1.510092E+04,-7.716174E-01
7.1E-02,1.26556E-01,3.076686E-03,-1.498083E-01,1.125988E-02,1.335387E-01,2.949945E-03,-1.629966E-01,-1.208364E-02,4.133778E+02,1.95874E+04,-1.039839E+00
7.15E-02,1.265001E-01,3.048485E-03,-1.440118E-01,-3.158926E-02,1.334711E-01,2.931077E-03,-1.752269E-01,-8.824817E-03,4.225581E+02,1.952328E+04,-9.648944E-01
7.2E-02,1.26412E-01,3.045097E-03,-1.695758E-01,-2.354775E-03,1.333635E-01,2.94112E-03,-2.290754E-01,2.177008E-02,4.329011E+02,2.474929E+04,-8.569303E-01
7.25E-02,1.263305E-01,3.04613E-03,-1.76331E-01,3.322487E-02,1.332421E-01,2.952847E-03,-1.963301E-01,3.579753E-02,4.473074E+02,1.572579E+04,-7.732553E-01
7.3E-02,1.262356E-01,3.078322E-03,-1.607812E-01,5.312643E-02,1.331672E-01,2.976918E-03,-1.620436E-01,2.019067E-02,4.486269E+02,1.042728E+04,-8.381416E-01
7.35E-02,1.261697E-01,3.099257E-03,-1.887604E-01,5.117611E-02,1.3308E-01,2.973037E-03,-1.80944E-01,1.675362E-02,4.577346E+02,2.342653E+04,-1.046408E+00
7.4E-02,1.260469E-01,3.129498E-03,-2.005303E-01,4.010912E-02,1.329862E-01,2.993672E-03,-1.865953E-01,8.797202E-03,4.720534E+02,1.4351E+04,-1.121328E+00
7.45E-02,1.259692E-01,3.139366E-03,-1.890109E-01,-2.818601E-02,1.328934E-01,2.981835E-03,-1.817265E-01,5.216894E-03,4.720856E+02,7.391277E+03,-1.303289E+00
7.5E-02,1.258579E-01,3.101312E-03,-1.559941E-01,-5.744317E-02,1.328045E-01,2.998889E-03,-1.653131E-01,3.864257E-03,4.794447E+02,2.193752E+04,-8.447275E-01
7.55E-02,1.258132E-01,3.081923E-03,-1.388211E-01,-2.391762E-02,1.327281E-01,2.985699E-03,-1.741838E-01,3.683334E-03,4.940232E+02,1.253211E+04,-7.972381E-01
7.6E-02,1.25719E-01,3.077395E-03,-1.7064E-01,-2.146412E-03,1.326303E-01,3.002572E-03,-1.45827E-01,-1.401425E-04,4.919768E+02,1.158676E+04,-6.202699E-01
7.65E-02,1.256425E-01,3.079776E-03,-2.200319E-01,1.560138E-02,1.325823E-01,2.985559E-03,-1.710815E-01,4.587447E-03,5.056099E+02,1.717963E+04,-7.778269E-01
7.7E-02,1.25499E-01,3.092996E-03,-2.668678E-01,9.927427E-03,1.324592E-01,3.007159E-03,-1.798195E-01,7.293637E-04,5.091565E+02,-6.659164E+02,-7.065613E-01
7.75E-02,1.253757E-01,3.089704E-03,-2.468793E-01,5.748503E-03,1.324025E-01,2.986288E-03,-1.496171E-01,-1.464102E-02,5.04944E+02,4.957901E+03,-8.431775E-01
7.8E-02,1.252521E-01,3.098744E-03,-2.651894E-01,1.17004E-02,1.323096E-01,2.992518E-03,-1.660001E-01,-2.679449E-02,5.141144E+02,4.824778E+03,-8.623252E-01
7.85E-02,1.251105E-01,3.101404E-03,-2.582636E-01,1.226103E-03,1.322365E-01,2.959494E-03,-1.706907E-01,-2.796694E-02,5.097688E+02,-5.907344E+02,-1.140864E+00
7.9E-02,1.249939E-01,3.099971E-03,-2.340194E-01,-1.83896E-02,1.321389E-01,2.964551E-03,-1.631521E-01,-1.206257E-02,5.135236E+02,1.423052E+04,-1.085788E+00
7.95E-02,1.248765E-01,3.083014E-03,-2.431351E-01,-9.376034E-03,1.320733E-01,2.947431E-03,-1.157578E-01,-3.781454E-02,5.239993E+02,1.39563E+04,-1.079281E+00
8E-02,1.247507E-01,3.090594E-03,-2.25951E-01,-6.794583E-03,1.320232E-01,2.926737E-03,-1.490712E-01,-2.891964E-02,5.274799E+02,7.905571E+03,-1.290731E+00
8.05E-02,1.246505E-01,3.07622E-03,-2.388295E-01,-5.129042E-02,1.319242E-01,2.918511E-03,-1.949329E-01,-1.625234E-02,5.319049E+02,2.211711E+03,-1.242086E+00
8.1E-02,1.245119E-01,3.039304E-03,-2.76938E-01,-3.895242E-02,1.318282E-01,2.910484E-03,-2.080887E-01,8.953341E-03,5.296916E+02,4.419334E+03,-1.008709E+00
8.15E-02,1.243736E-01,3.037267E-03,-2.145644E-01,-9.361728E-02,1.317162E-01,2.927465E-03,-1.618926E-01,2.460506E-02,5.363242E+02,9.364494E+03,-8.567493E-01
8.2E-02,1.242973E-01,2.945687E-03,-1.827512E-01,-7.779407E-02,1.316663E-01,2.93509E-03,-1.724075E-01,1.369024E-02,5.390561E+02,8.487155E+03,-8.239614E-02
8.25E-02,1.241908E-01,2.959473E-03,-1.944685E-01,-7.261756E-03,1.315437E-01,2.941155E-03,-2.027619E-01,1.595518E-02,5.448114E+02,1.188974E+04,-1.4274E-01
8.3E-02,1.241029E-01,2.938425E-03,-1.873608E-01,-1.29372E-02,1.314636E-01,2.951045E-03,-2.033869E-01,-1.82576E-03,5.509459E+02,1.261776E+04,9.823143E-02
8.35E-02,1.240035E-01,2.946536E-03,-1.515199E-01,-3.354926E-03,1.313404E-01,2.939329E-03,-2.150526E-01,-1.00888E-02,5.574291E+02,1.207458E+04,-5.628E-02
8.4E-02,1.239514E-01,2.93507E-03,-1.697837E-01,2.665333E-04,1.312485E-01,2.940956E-03,-2.374079E-01,2.830407E-02,5.630205E+02,1.143152E+04,4.621392E-02
8.45E-02,1.238337E-01,2.946803E-03,-1.642063E-01,-2.126248E-02,1.31103E-01,2.967633E-03,-2.881719E-01,4.016535E-02,5.688606E+02,1.469218E+04,1.641852E-01
8.5E-02,1.237871E-01,2.913808E-03,-1.39991E-01,-1.335226E-02,1.309604E-01,2.981121E-03,-2.84489E-01,1.706756E-02,5.777126E+02,1.439132E+04,5.376492E-01
8.55E-02,1.236937E-01,2.93345E-03,-1.582983E-01,-1.399726E-02,1.308185E-01,2.984701E-03,-2.404439E-01,-9.094145E-03,5.83252E+02,1.232606E+04,4.121372E-01
8.6E-02,1.236288E-01,2.89981E-03,-9.982964E-02,-1.856921E-03,1.307199E-01,2.972027E-03,-2.008306E-01,-2.532672E-02,5.900387E+02,1.400907E+04,5.834905E-01
8.65E-02,1.235938E-01,2.931593E-03,-1.714488E-01,9.898607E-03,1.306176E-01,2.959374E-03,-2.378074E-01,-1.242609E-02,5.97261E+02,1.563876E+04,2.266173E-01
8.7E-02,1.234574E-01,2.909709E-03,-2.474123E-01,-8.54186E-03,1.304821E-01,2.959601E-03,-2.364098E-01,2.000621E-02,6.056774E+02,1.831737E+04,4.069286E-01
8.75E-02,1.233464E-01,2.923052E-03,-2.28272E-01,3.499402E-02,1.303812E-01,2.97938E-03,-2.104484E-01,2.196357E-02,6.155784E+02,1.09285E+04,4.58768E-01
8.8E-02,1.232291E-01,2.944703E-03,-2.446691E-01,2.106757E-02,1.302717E-01,2.981565E-03,-1.843749E-01,2.370702E-02,6.166059E+02,4.032578E+02,2.998913E-01
8.85E-02,1.231018E-01,2.944119E-03,-2.1842E-01,2.189337E-02,1.301968E-01,3.003087E-03,-1.793679E-01,1.340568E-02,6.159817E+02,4.072087E+02,4.761828E-01
8.9E-02,1.230107E-01,2.966596E-03,-2.125819E-01,3.571239E-02,1.300923E-01,2.99497E-03,-1.973036E-01,8.197355E-03,6.170132E+02,3.867826E+03,2.295667E-01
8.95E-02,1.228892E-01,2.979832E-03,-2.315669E-01,-1.408899E-02,1.299995E-01,3.011285E-03,-2.065482E-01,-5.915391E-03,6.198495E+02,1.789794E+04,2.534507E-01
9E-02,1.227791E-01,2.952507E-03,-2.080205E-01,1.264422E-02,1.298857E-01,2.989055E-03,-2.46844E-01,4.616857E-03,6.349111E+02,1.703436E+04,2.946554E-01
9.05E-02,1.226812E-01,2.992476E-03,-2.280908E-01,5.089387E-03,1.297527E-01,3.015902E-03,-2.35854E-01,9.08931E-04,6.368838E+02,3.615059E+03,1.898029E-01
9.1E-02,1.22551E-01,2.957597E-03,-1.680705E-01,1.198807E-02,1.296499E-01,2.989964E-03,-2.174685E-01,-2.948821E-02,6.385262E+02,1.271651E+04,2.612374E-01
9.15E-02,1.225131E-01,3.004464E-03,-1.968203E-01,5.378624E-02,1.295352E-01,2.986413E-03,-2.674886E-01,4.365026E-03,6.496003E+02,1.911201E+04,-1.472787E-01
9.2E-02,1.223542E-01,3.011383E-03,-2.428023E-01,1.741589E-02,1.293824E-01,2.994329E-03,-2.361393E-01,1.619584E-03,6.576382E+02,1.991524E+02,-1.390303E-01
9.25E-02,1.222703E-01,3.02188E-03,-2.018405E-01,4.923891E-03,1.292991E-01,2.988033E-03,-2.239113E-01,-2.072067E-02,6.497995E+02,1.368153E+03,-2.759021E-01
9.3E-02,1.221524E-01,3.016307E-03,-2.605586E-01,-1.381985E-02,1.291585E-01,2.973608E-03,-2.814917E-01,4.072855E-05,6.590063E+02,1.769847E+04,-3.49185E-01
9.35E-02,1.220097E-01,3.00806E-03,-2.282831E-01,-6.944664E-03,1.290176E-01,2.988074E-03,-2.517681E-01,5.582594E-04,6.67498E+02,8.047017E+03,-1.634049E-01
9.4E-02,1.219241E-01,3.009362E-03,-2.046175E-01,2.066007E-02,1.289067E-01,2.974166E-03,-2.343138E-01,8.813155E-03,6.670533E+02,1.347099E+04,-2.887961E-01
9.45E-02,1.218051E-01,3.02872E-03,-2.538529E-01,-3.530864E-03,1.287833E-01,2.996887E-03,-2.620099E-01,4.685638E-02,6.80969E+02,1.911528E+04,-2.613706E-01
9.5E-02,1.216703E-01,3.005831E-03,-2.305744E-01,1.565519E-02,1.286447E-01,3.021023E-03,-2.466642E-01,1.025575E-02,6.861686E+02,1.872938E+04,1.247988E-01
9.55E-02,1.215745E-01,3.044375E-03,-2.37878E-01,2.951162E-02,1.285366E-01,3.007143E-03,-2.480948E-01,-2.032076E-02,6.996983E+02,1.891065E+04,-3.064092E-01
9.6E-02,1.214324E-01,3.035343E-03,-2.421722E-01,2.692413E-03,1.283966E-01,3.000702E-03,-2.695897E-01,-2.065435E-03,7.050793E+02,4.524792E+03,-2.849933E-01
9.65E-02,1.213324E-01,3.047068E-03,-1.823108E-01,-7.004857E-03,1.28267E-01,3.005077E-03,-2.44076E-01,-2.00573E-03,7.042231E+02,7.425228E+03,-3.469298E-01
9.7E-02,1.212501E-01,3.028338E-03,-2.141606E-01,-5.737461E-03,1.281525E-01,2.998696E-03,-2.608271E-01,1.587339E-02,7.125045E+02,1.481469E+04,-2.460479E-01
9.75E-02,1.211182E-01,3.04133E-03,-2.580088E-01,9.58563E-03,1.280062E-01,3.020951E-03,-2.700071E-01,2.653551E-03,7.190378E+02,1.610138E+04,-1.695204E-01
9.8E-02,1.209921E-01,3.037924E-03,-2.335226E-01,-1.873892E-02,1.278825E-01,3.00135E-03,-2.637429E-01,-2.058634E-02,7.286059E+02,1.801467E+04,-3.041166E-01
9.85E-02,1.208847E-01,3.022591E-03,-2.512026E-01,-3.408756E-02,1.277425E-01,3.000364E-03,-2.385323E-01,-1.923165E-02,7.370525E+02,1.501538E+04,-1.857023E-01
9.9E-02,1.207408E-01,3.003836E-03,-2.892049E-01,1.936048E-02,1.27644E-01,2.982118E-03,-2.193793E-01,4.157937E-03,7.436212E+02,1.578281E+04,-1.802574E-01
9.95E-02,1.205955E-01,3.041952E-03,-2.768456E-01,3.561401E-02,1.275231E-01,3.004522E-03,-2.720553E-01,2.083879E-02,7.528353E+02,1.860249E+04,-3.095631E-01
1E-01,1.20464E-01,3.03945E-03,-2.539537E-01,4.667902E-03,1.273719E-01,3.002957E-03,-2.326095E-01,-1.144023E-03,7.622237E+02,1.645763E+04,-3.026787E-01
1.005E-01,1.203415E-01,3.04662E-03,-2.171317E-01,3.967722E-02,1.272905E-01,3.003378E-03,-2.073028E-01,-8.50707E-03,7.692929E+02,1.50656E+04,-3.565314E-01
1.01E-01,1.202469E-01,3.079127E-03,-2.411941E-01,1.017025E-02,1.271646E-01,2.99445E-03,-2.763335E-01,1.26068E-02,7.772893E+02,1.707469E+04,-7.012982E-01
1.015E-01,1.201003E-01,3.05679E-03,-2.610178E-01,-1.378861E-02,1.270141E-01,3.015985E-03,-2.651832E-01,1.803156E-02,7.863676E+02,1.805406E+04,-3.381521E-01
1.02E-01,1.199859E-01,3.065339E-03,-2.58541E-01,3.387727E-02,1.268995E-01,3.012482E-03,-2.376938E-01,-2.650317E-03,7.953434E+02,2.143423E+04,-4.380409E-01
1.025E-01,1.198418E-01,3.090667E-03,-3.181425E-01,4.207896E-02,1.267764E-01,3.013335E-03,-2.746348E-01,-7.609514E-03,8.078019E+02,2.114327E+04,-6.389127E-01
1.03E-01,1.196677E-01,3.107418E-03,-3.136923E-01,5.83568E-02,1.266248E-01,3.004872E-03,-3.021415E-01,-2.204959E-02,8.164867E+02,2.257313E+04,-8.444616E-01
1.035E-01,1.195281E-01,3.149024E-03,-2.799174E-01,4.336877E-02,1.264743E-01,2.991285E-03,-2.829095E-01,-2.957941E-02,8.30375E+02,2.008534E+04,-1.300886E+00
1.04E-01,1.193878E-01,3.150787E-03,-3.024555E-01,3.370267E-03,1.263419E-01,2.975293E-03,-2.716649E-01,-2.759744E-02,8.36572E+02,6.21977E+03,-1.445608E+00
1.045E-01,1.192256E-01,3.152394E-03,-2.713638E-01,3.38896E-04,1.262026E-01,2.963688E-03,-2.746511E-01,-1.325641E-02,8.365948E+02,8.253129E+03,-1.549299E+00
1.05E-01,1.191164E-01,3.151125E-03,-2.613726E-01,-6.641862E-03,1.260673E-01,2.962036E-03,-2.898987E-01,2.260905E-02,8.448251E+02,1.528511E+04,-1.55828E+00
1.055E-01,1.189643E-01,3.145752E-03,-3.163872E-01,-4.387354E-03,1.259127E-01,2.986297E-03,-3.230842E-01,4.405998E-02,8.518799E+02,7.249743E+03,-1.314611E+00
1.06E-01,1.188E-01,3.146738E-03,-3.129751E-01,-6.376388E-03,1.257442E-01,3.006096E-03,-3.127348E-01,7.012392E-02,8.520749E+02,6.331997E+03,-1.160272E+00
1.065E-01,1.186513E-01,3.139376E-03,-3.011317E-01,6.647014E-03,1.256E-01,3.056421E-03,-2.693527E-01,5.16675E-02,8.582119E+02,8.378908E+03,-6.839779E-01
1.07E-01,1.184989E-01,3.153385E-03,-3.138677E-01,2.286947E-03,1.254748E-01,3.057764E-03,-2.550618E-01,-1.201123E-02,8.604538E+02,5.865497E+03,-7.853252E-01
1.075E-01,1.183374E-01,3.141663E-03,-3.253365E-01,-2.103599E-02,1.253449E-01,3.044409E-03,-2.852631E-01,-1.891271E-02,8.640774E+02,9.05205E+03,-7.95126E-01
1.08E-01,1.181736E-01,3.132349E-03,-3.23312E-01,-4.24355E-02,1.251896E-01,3.038851E-03,-2.608096E-01,2.252851E-02,8.695058E+02,8.961471E+03,-7.635037E-01
1.085E-01,1.180141E-01,3.099227E-03,-3.159194E-01,-4.010947E-02,1.250841E-01,3.066938E-03,-2.107346E-01,6.810444E-02,8.730388E+02,1.786272E+04,-2.616738E-01
1.09E-01,1.178577E-01,3.09224E-03,-3.750985E-01,-3.910513E-02,1.249788E-01,3.106955E-03,-2.421996E-01,3.061043E-02,8.873686E+02,1.691125E+04,1.184002E-01
1.095E-01,1.17639E-01,3.060122E-03,-3.947298E-01,-5.537923E-02,1.248419E-01,3.097548E-03,-2.899692E-01,2.826478E-02,8.899501E+02,-1.468603E+03,2.977041E-01
1.1E-01,1.174629E-01,3.03686E-03,-3.330143E-01,-6.454595E-02,1.246889E-01,3.13522E-03,-2.643587E-01,6.468742E-03,8.859E+02,-1.945675E+00,7.798646E-01
1.105E-01,1.17306E-01,2.995576E-03,-2.475279E-01,4.656394E-02,1.245776E-01,3.104017E-03,-2.302103E-01,-3.388497E-02,8.899481E+02,1.340054E+04,8.543874E-01
1.11E-01,1.172154E-01,3.083424E-03,-2.921782E-01,6.337677E-02,1.244587E-01,3.101335E-03,-2.617712E-01,-1.933995E-02,8.993005E+02,1.387983E+04,1.416785E-01
1.115E-01,1.170138E-01,3.058953E-03,-3.541827E-01,-3.254487E-02,1.243158E-01,3.084677E-03,-2.533271E-01,1.367481E-03,9.03828E+02,1.026803E+04,2.018458E-01
1.12E-01,1.168612E-01,3.050879E-03,-2.870728E-01,-3.570422E-02,1.242053E-01,3.102703E-03,-2.502257E-01,-5.647457E-03,9.095685E+02,8.444576E+03,4.04297E-01
1.125E-01,1.167268E-01,3.023249E-03,-2.539798E-01,-4.634873E-02,1.240656E-01,3.07903E-03,-3.066227E-01,-2.986589E-02,9.122725E+02,8.96382E+03,4.354845E-01
1.13E-01,1.166072E-01,3.004531E-03,-2.532711E-01,-4.752569E-02,1.238987E-01,3.072837E-03,-3.424179E-01,-8.142054E-02,9.185323E+02,1.284711E+04,5.367279E-01
1.135E-01,1.164735E-01,2.975723E-03,-2.529707E-01,-2.792942E-02,1.237232E-01,2.997609E-03,-3.668249E-01,-8.926042E-02,9.251196E+02,1.364087E+04,1.729691E-01
1.14E-01,1.163543E-01,2.976601E-03,-2.288442E-01,-1.655085E-02,1.235319E-01,2.983576E-03,-3.88685E-01,-2.007325E-02,9.321732E+02,1.275624E+04,5.56786E-02
1.145E-01,1.162446E-01,2.959172E-03,-2.219628E-01,-3.86483E-02,1.233345E-01,2.977536E-03,-4.099511E-01,1.610273E-02,9.378759E+02,1.060836E+04,1.484029E-01
1.15E-01,1.161323E-01,2.937953E-03,-2.051429E-01,-2.21748E-02,1.231219E-01,2.999679E-03,-3.87587E-01,5.455342E-02,9.427816E+02,1.253881E+04,5.059717E-01
1.155E-01,1.160395E-01,2.936998E-03,-1.99906E-01,-7.174032E-04,1.229469E-01,3.032089E-03,-3.427393E-01,6.878786E-02,9.504147E+02,1.485546E+04,7.887222E-01
1.16E-01,1.159324E-01,2.937236E-03,-1.939059E-01,1.005862E-02,1.227792E-01,3.068467E-03,-3.199397E-01,1.510849E-02,9.57637E+02,1.636465E+04,1.098045E+00
1.165E-01,1.158456E-01,2.947056E-03,-2.095209E-01,1.211074E-02,1.226269E-01,3.047198E-03,-2.95924E-01,-8.692573E-03,9.667794E+02,1.791449E+04,8.460365E-01
1.17E-01,1.157229E-01,2.949346E-03,-2.926939E-01,2.711151E-02,1.224833E-01,3.059774E-03,-3.18428E-01,7.064296E-03,9.755515E+02,1.061172E+04,9.358188E-01
1.175E-01,1.155529E-01,2.974168E-03,-3.211157E-01,6.747468E-02,1.223085E-01,3.054262E-03,-3.338495E-01,-7.682835E-05,9.773911E+02,4.1952E+03,6.792649E-01
1.18E-01,1.154018E-01,3.016821E-03,-3.106711E-01,6.413166E-02,1.221494E-01,3.059698E-03,-2.862727E-01,-9.308364E-03,9.797467E+02,1.588161E+04,3.640688E-01
1.185E-01,1.152422E-01,3.038299E-03,-2.953238E-01,4.045163E-02,1.220222E-01,3.044954E-03,-2.632888E-01,-1.675682E-02,9.932727E+02,1.307359E+04,5.623434E-02
1.19E-01,1.151064E-01,3.057273E-03,-3.042876E-01,1.941304E-02,1.218861E-01,3.042941E-03,-3.056892E-01,-1.845207E-02,9.928203E+02,1.131969E+04,-1.211205E-01
1.195E-01,1.149379E-01,3.057712E-03,-4.136956E-01,2.207075E-02,1.217166E-01,3.026502E-03,-3.374717E-01,-6.938504E-03,1.004592E+03,1.433477E+04,-2.63804E-01
1.2E-01,1.146927E-01,3.079343E-03,-4.064315E-01,2.971122E-02,1.215487E-01,3.036002E-03,-3.308178E-01,2.386867E-04,1.007155E+03,1.244169E+04,-3.622035E-01
1.205E-01,1.145315E-01,3.087424E-03,-3.36567E-01,1.696274E-02,1.213857E-01,3.02674E-03,-3.35391E-01,-1.008081E-02,1.017034E+03,1.732149E+04,-5.072486E-01
1.21E-01,1.143562E-01,3.096306E-03,-3.548198E-01,-1.089472E-02,1.212133E-01,3.025921E-03,-3.470376E-01,-1.182711E-02,1.024477E+03,1.574647E+03,-5.880934E-01
1.215E-01,1.141767E-01,3.076529E-03,-3.644743E-01,-1.883529E-02,1.210387E-01,3.014913E-03,-3.524189E-01,2.027787E-03,1.018609E+03,1.105578E+03,-5.144579E-01
1.22E-01,1.139917E-01,3.077471E-03,-3.550324E-01,8.134225E-03,1.208608E-01,3.027949E-03,-3.623917E-01,1.122343E-02,1.025582E+03,2.374442E+04,-4.13055E-01
1.225E-01,1.138217E-01,3.084663E-03,-3.37945E-01,2.443073E-02,1.206763E-01,3.026137E-03,-3.788331E-01,4.029721E-04,1.042353E+03,1.714427E+04,-4.891905E-01
1.23E-01,1.136538E-01,3.101902E-03,-3.23087E-01,3.283892E-02,1.20482E-01,3.028352E-03,-3.592915E-01,4.797671E-03,1.042726E+03,6.718291E+03,-6.171283E-01
1.235E-01,1.134986E-01,3.117502E-03,-3.371294E-01,2.463134E-02,1.20317E-01,3.030934E-03,-3.608562E-01,-1.173867E-02,1.049071E+03,5.411135E+03,-7.273928E-01
1.24E-01,1.133166E-01,3.126533E-03,-3.390221E-01,2.616124E-02,1.201212E-01,3.016613E-03,-3.737932E-01,-1.502045E-02,1.048138E+03,8.202343E+03,-9.25468E-01
1.245E-01,1.131595E-01,3.143663E-03,-3.454283E-01,3.601821E-02,1.199432E-01,3.015914E-03,-3.738833E-01,-1.775288E-03,1.057274E+03,1.562584E+04,-1.078858E+00
1.25E-01,1.129712E-01,3.162551E-03,-3.657504E-01,1.937995E-02,1.197473E-01,3.014838E-03,-3.829735E-01,-7.620554E-03,1.063763E+03,1.035231E+04,-1.248804E+00
1.255E-01,1.127938E-01,3.163043E-03,-3.566611E-01,3.55229E-03,1.195603E-01,3.008293E-03,-3.616566E-01,-8.69479E-03,1.067626E+03,1.223065E+04,-1.310134E+00
1.26E-01,1.126145E-01,3.166103E-03,-3.6029E-01,-2.105466E-02,1.193856E-01,3.006143E-03,-3.452872E-01,-3.793226E-03,1.075994E+03,1.764454E+04,-1.353305E+00
1.265E-01,1.124335E-01,3.141989E-03,-3.574812E-01,-4.338663E-02,1.19215E-01,3.0045E-03,-3.431391E-01,-3.17163E-03,1.085271E+03,1.739658E+04,-1.161464E+00
1.27E-01,1.122571E-01,3.122717E-03,-3.261524E-01,5.909326E-02,1.190425E-01,3.002972E-03,-3.500329E-01,2.610968E-02,1.093391E+03,1.83849E+04,-1.011017E+00
1.275E-01,1.121074E-01,3.201082E-03,-2.754212E-01,7.978148E-02,1.188649E-01,3.03061E-03,-3.627754E-01,2.590902E-02,1.103656E+03,2.002594E+04,-1.445081E+00
1.28E-01,1.119816E-01,3.202498E-03,-3.114264E-01,-2.935026E-03,1.186797E-01,3.028881E-03,-3.93641E-01,-5.336551E-02,1.113417E+03,1.928151E+04,-1.484805E+00
1.285E-01,1.117959E-01,3.198147E-03,-3.516234E-01,-1.779609E-02,1.184713E-01,2.977244E-03,-4.041265E-01,-7.336707E-02,1.122937E+03,2.381978E+04,-1.895351E+00
1.29E-01,1.1163E-01,3.184702E-03,-3.629599E-01,4.014665E-02,1.182756E-01,2.955514E-03,-3.861685E-01,4.50185E-03,1.137236E+03,2.462928E+04,-1.975202E+00
1.295E-01,1.11433E-01,3.238293E-03,-3.734091E-01,1.72328E-02,1.180851E-01,2.981746E-03,-3.635777E-01,3.265974E-02,1.147566E+03,2.471496E+04,-2.208575E+00
1.3E-01,1.112566E-01,3.201935E-03,-3.840836E-01,-1.943904E-02,1.17912E-01,2.988173E-03,-3.509094E-01,2.376363E-02,1.161951E+03,2.830093E+04,-1.839624E+00
1.305E-01,1.110489E-01,3.218854E-03,-4.085748E-01,2.638081E-02,1.177342E-01,3.00551E-03,-3.534971E-01,1.577481E-02,1.175867E+03,2.271561E+04,-1.827822E+00
1.31E-01,1.10848E-01,3.228316E-03,-4.024499E-01,4.183041E-03,1.175585E-01,3.003948E-03,-3.49035E-01,1.929777E-02,1.184667E+03,1.915645E+04,-1.914996E+00
1.315E-01,1.106464E-01,3.223037E-03,-4.679121E-01,-2.458971E-02,1.173852E-01,3.024808E-03,-3.533163E-01,2.556E-02,1.195024E+03,1.784662E+04,-1.684951E+00
1.32E-01,1.103801E-01,3.203726E-03,-5.27598E-01,-2.264876E-02,1.172052E-01,3.029508E-03,-3.476925E-01,1.514755E-02,1.202514E+03,2.636551E+04,-1.462224E+00
1.325E-01,1.101188E-01,3.200389E-03,-4.645767E-01,-9.869521E-03,1.170375E-01,3.039955E-03,-3.424085E-01,1.519751E-02,1.221389E+03,1.950845E+04,-1.328368E+00
1.33E-01,1.099155E-01,3.193857E-03,-3.920284E-01,-2.084898E-02,1.168628E-01,3.044706E-03,-3.411746E-01,2.085899E-02,1.222022E+03,2.048034E+04,-1.229899E+00
1.335E-01,1.097268E-01,3.17954E-03,-4.223173E-01,-7.509778E-02,1.166963E-01,3.060814E-03,-3.470142E-01,1.437559E-02,1.24187E+03,2.856444E+04,-9.759396E-01
1.34E-01,1.094932E-01,3.118759E-03,-4.591925E-01,-6.675237E-02,1.165158E-01,3.059081E-03,-3.409796E-01,5.697275E-02,1.250586E+03,1.141293E+04,-4.868868E-01
1.345E-01,1.092676E-01,3.112787E-03,-4.436662E-01,-1.692676E-02,1.163553E-01,3.117787E-03,-3.514894E-01,1.052285E-01,1.253282E+03,1.621056E+04,4.041528E-02
1.35E-01,1.090496E-01,3.101832E-03,-4.206701E-01,-2.731727E-02,1.161643E-01,3.16431E-03,-3.776791E-01,6.09415E-02,1.266797E+03,3.403974E+04,5.031302E-01
1.355E-01,1.088469E-01,3.08547E-03,-3.712693E-01,-2.186792E-02,1.159777E-01,3.178728E-03,-3.795669E-01,1.629681E-02,1.287322E+03,2.433314E+04,7.492945E-01
1.36E-01,1.086783E-01,3.079964E-03,-3.381119E-01,-1.546649E-03,1.157847E-01,3.180607E-03,-3.947015E-01,-2.504694E-03,1.29113E+03,2.136999E+04,8.113811E-01
1.365E-01,1.085088E-01,3.083923E-03,-3.271515E-01,-1.755722E-02,1.15583E-01,3.176224E-03,-3.993416E-01,-4.096355E-02,1.308692E+03,2.331711E+04,7.475296E-01
1.37E-01,1.083511E-01,3.062407E-03,-3.015838E-01,-8.47088E-03,1.153854E-01,3.139643E-03,-4.028106E-01,-2.727628E-02,1.314447E+03,2.431648E+04,6.290864E-01
1.375E-01,1.082072E-01,3.075452E-03,-3.039944E-01,3.70407E-02,1.151801E-01,3.148947E-03,-3.952247E-01,-4.072216E-03,1.333009E+03,2.367222E+04,6.038797E-01
1.38E-01,1.080471E-01,3.099448E-03,-3.469195E-01,7.005424E-02,1.149901E-01,3.135571E-03,-4.185297E-01,-2.016286E-02,1.338119E+03,2.294601E+04,2.980988E-01
1.385E-01,1.078603E-01,3.145507E-03,-3.469892E-01,8.29957E-02,1.147616E-01,3.128784E-03,-4.32967E-01,-3.520193E-02,1.355955E+03,1.816916E+04,-1.38831E-01
1.39E-01,1.077001E-01,3.182443E-03,-3.2449E-01,2.644025E-02,1.145572E-01,3.100369E-03,-3.994518E-01,-4.726364E-02,1.356289E+03,1.374471E+04,-6.857621E-01
1.395E-01,1.075358E-01,3.171947E-03,-3.42659E-01,-4.322479E-02,1.143622E-01,3.081521E-03,-4.453125E-01,-6.351577E-03,1.369699E+03,2.342888E+04,-7.589346E-01
1.4E-01,1.073575E-01,3.139219E-03,-3.531345E-01,-5.43156E-02,1.141119E-01,3.094017E-03,-4.967206E-01,3.537448E-02,1.379717E+03,1.159194E+04,-3.834246E-01
1.405E-01,1.071827E-01,3.117631E-03,-3.53266E-01,-6.030536E-03,1.138654E-01,3.116895E-03,-4.498838E-01,1.249638E-02,1.381291E+03,2.258626E+04,-6.310683E-03
1.41E-01,1.070042E-01,3.133188E-03,-3.719254E-01,4.525931E-02,1.13662E-01,3.106514E-03,-4.655788E-01,7.711869E-03,1.402304E+03,2.396914E+04,-2.295531E-01
1.415E-01,1.068108E-01,3.162891E-03,-3.794649E-01,6.143588E-02,1.133999E-01,3.124607E-03,-5.175792E-01,6.046875E-02,1.40526E+03,1.136214E+04,-3.328928E-01
1.42E-01,1.066248E-01,3.194624E-03,-3.786748E-01,6.491322E-02,1.131444E-01,3.166983E-03,-4.740925E-01,7.289427E-02,1.413666E+03,9.50436E+03,-2.429151E-01
1.425E-01,1.064321E-01,3.227804E-03,-3.834884E-01,3.367904E-02,1.129258E-01,3.197501E-03,-4.420563E-01,4.529614E-02,1.414765E+03,4.959713E+03,-2.673666E-01
1.43E-01,1.062413E-01,3.228303E-03,-4.092804E-01,1.071921E-02,1.127023E-01,3.212279E-03,-4.337461E-01,3.804072E-02,1.418626E+03,8.847187E+03,-1.420996E-01
1.435E-01,1.060228E-01,3.238523E-03,-4.286277E-01,5.871753E-03,1.12492E-01,3.235542E-03,-3.878884E-01,9.415949E-03,1.423612E+03,1.706629E+04,-2.640117E-02
1.44E-01,1.058126E-01,3.234175E-03,-4.254529E-01,5.566605E-03,1.123144E-01,3.221695E-03,-3.56727E-01,-1.132323E-02,1.435692E+03,1.610411E+04,-1.099769E-01
1.445E-01,1.055974E-01,3.24409E-03,-4.153988E-01,4.211726E-03,1.121353E-01,3.224219E-03,-3.548351E-01,-1.524855E-02,1.439716E+03,1.265276E+04,-1.741389E-01
1.45E-01,1.053972E-01,3.238386E-03,-4.749787E-01,-1.761509E-02,1.119596E-01,3.206446E-03,-3.65848E-01,-4.216036E-02,1.448345E+03,1.329989E+04,-2.788667E-01
1.455E-01,1.051224E-01,3.226475E-03,-4.989356E-01,-1.489899E-02,1.117694E-01,3.182059E-03,-3.636051E-01,-5.381299E-02,1.453016E+03,1.323374E+04,-3.828482E-01
1.46E-01,1.048983E-01,3.223487E-03,-4.34731E-01,-1.264984E-02,1.11596E-01,3.152633E-03,-3.728396E-01,-6.145291E-02,1.461578E+03,1.595407E+04,-6.061033E-01
1.465E-01,1.046877E-01,3.213825E-03,-4.063607E-01,-4.007943E-02,1.113966E-01,3.120606E-03,-4.131904E-01,-1.31801E-02,1.46897E+03,1.614119E+04,-7.96059E-01
1.47E-01,1.044919E-01,3.183408E-03,-4.741606E-01,-1.815406E-02,1.111828E-01,3.139453E-03,-4.601474E-01,3.987277E-02,1.47772E+03,1.389575E+04,-3.763928E-01
1.475E-01,1.042135E-01,3.195671E-03,-5.019786E-01,3.268767E-02,1.109365E-01,3.160478E-03,-4.960349E-01,3.634195E-02,1.482866E+03,1.066747E+04,-2.999201E-01
1.48E-01,1.0399E-01,3.216096E-03,-4.773901E-01,9.288961E-04,1.106868E-01,3.175795E-03,-5.03829E-01,-5.16806E-04,1.488387E+03,1.859568E+04,-3.447951E-01
1.485E-01,1.037361E-01,3.1966E-03,-5.015421E-01,1.05154E-02,1.104326E-01,3.159962E-03,-4.554424E-01,-8.85558E-03,1.501462E+03,2.088267E+04,-3.134733E-01
1.49E-01,1.034884E-01,3.226611E-03,-5.042612E-01,4.615349E-02,1.102313E-01,3.166939E-03,-4.180931E-01,7.192398E-03,1.50927E+03,8.797332E+03,-5.070275E-01
1.495E-01,1.032318E-01,3.242753E-03,-5.385793E-01,2.841944E-03,1.100145E-01,3.167154E-03,-4.265413E-01,8.835038E-03,1.510259E+03,1.428223E+04,-6.385857E-01
1.5E-01,1.029498E-01,3.229453E-03,-5.205586E-01,-1.721419E-02,1.098048E-01,3.175774E-03,-4.244856E-01,9.696678E-04,1.523552E+03,1.686346E+04,-4.486523E-01
1.505E-01,1.027113E-01,3.225539E-03,-4.969384E-01,1.793703E-02,1.095901E-01,3.168124E-03,-4.237452E-01,-2.525038E-03,1.527122E+03,8.473911E+03,-4.782216E-01
1.51E-01,1.024529E-01,3.24739E-03,-5.25262E-01,5.544604E-03,1.093811E-01,3.173249E-03,-4.281151E-01,-1.024282E-02,1.532026E+03,1.134328E+04,-6.131195E-01
1.515E-01,1.02186E-01,3.231084E-03,-5.378677E-01,1.633287E-02,1.091619E-01,3.157881E-03,-4.50059E-01,-1.541426E-02,1.538466E+03,8.254509E+03,-6.012189E-01
1.52E-01,1.01915E-01,3.263723E-03,-5.440616E-01,2.199425E-02,1.08931E-01,3.157835E-03,-5.197029E-01,-7.743966E-03,1.54028E+03,1.422147E+04,-8.646664E-01
1.525E-01,1.01642E-01,3.253078E-03,-4.713792E-01,1.056508E-02,1.086422E-01,3.150137E-03,-5.009895E-01,2.477809E-02,1.552687E+03,1.226229E+04,-8.424894E-01
1.53E-01,1.014437E-01,3.274288E-03,-3.828379E-01,2.630981E-02,1.0843E-01,3.182613E-03,-4.273057E-01,2.725244E-02,1.552543E+03,1.561162E+04,-7.517914E-01
1.535E-01,1.012591E-01,3.279388E-03,-4.137468E-01,2.183781E-02,1.082149E-01,3.177389E-03,-4.697217E-01,4.560253E-02,1.568299E+03,1.525123E+04,-8.401117E-01
1.54E-01,1.010299E-01,3.296126E-03,-4.778624E-01,-1.477204E-02,1.079603E-01,3.228216E-03,-4.711868E-01,5.874286E-02,1.567794E+03,3.800845E+03,-5.614177E-01
1.545E-01,1.007813E-01,3.264616E-03,-4.653196E-01,-2.675179E-02,1.077437E-01,3.236132E-03,-3.903556E-01,1.67448E-02,1.5721E+03,2.086709E+04,-2.343944E-01
1.55E-01,1.005646E-01,3.269374E-03,-4.52879E-01,3.275772E-02,1.075699E-01,3.244961E-03,-3.88859E-01,3.935589E-02,1.588661E+03,2.218106E+04,-1.996734E-01
1.555E-01,1.003284E-01,3.297373E-03,-4.9968E-01,5.66089E-02,1.073549E-01,3.275488E-03,-4.417601E-01,4.465888E-02,1.594281E+03,1.121662E+04,-1.784564E-01
1.56E-01,1.000649E-01,3.325983E-03,-4.724326E-01,2.573564E-02,1.071282E-01,3.289619E-03,-4.702906E-01,-1.13356E-03,1.599878E+03,9.538836E+02,-2.949706E-01
1.565E-01,9.985595E-02,3.323109E-03,-4.313286E-01,7.035533E-03,1.068846E-01,3.274355E-03,-4.790272E-01,-1.946851E-03,1.595234E+03,3.448122E+03,-3.974275E-01
1.57E-01,9.963359E-02,3.333018E-03,-4.201112E-01,-6.782672E-02,1.066491E-01,3.287673E-03,-4.416831E-01,7.483455E-03,1.603326E+03,2.018127E+04,-3.703324E-01
1.575E-01,9.943584E-02,3.255282E-03,-4.70204E-01,-3.012701E-02,1.064429E-01,3.281838E-03,-4.163517E-01,6.932995E-03,1.615416E+03,1.783949E+04,2.171421E-01
1.58E-01,9.916338E-02,3.302891E-03,-5.085126E-01,3.830018E-02,1.062328E-01,3.294606E-03,-4.790357E-01,-1.730979E-02,1.621165E+03,1.321131E+04,-6.715427E-02
1.585E-01,9.892733E-02,3.293582E-03,-4.670713E-01,-8.849935E-04,1.059639E-01,3.264528E-03,-5.216018E-01,-2.802144E-02,1.628627E+03,1.562517E+04,-2.365752E-01
1.59E-01,9.869631E-02,3.302006E-03,-4.768769E-01,-2.05145E-02,1.057112E-01,3.266584E-03,-4.880153E-01,-1.404871E-03,1.63679E+03,1.879044E+04,-2.893177E-01
1.595E-01,9.845045E-02,3.273068E-03,-4.559655E-01,-2.474692E-02,1.054759E-01,3.263123E-03,-4.945744E-01,-1.87914E-02,1.647417E+03,2.069501E+04,-8.110269E-02
1.6E-01,9.824035E-02,3.277259E-03,-4.04144E-01,-2.103598E-02,1.052166E-01,3.247793E-03,-4.938802E-01,-6.987786E-02,1.657485E+03,2.745133E+04,-2.420074E-01
1.605E-01,9.804631E-02,3.252032E-03,-4.144694E-01,-1.03182E-01,1.04982E-01,3.193245E-03,-5.569233E-01,-5.503834E-02,1.674869E+03,2.230135E+04,-4.856248E-01
1.61E-01,9.782588E-02,3.174077E-03,-3.955033E-01,-1.434448E-01,1.046597E-01,3.192754E-03,-5.769088E-01,-3.389295E-02,1.679787E+03,2.123501E+04,1.565905E-01
1.615E-01,9.765081E-02,3.108587E-03,-3.657018E-01,-1.709789E-02,1.044051E-01,3.159353E-03,-5.697215E-01,1.43456E-02,1.696104E+03,1.976222E+04,4.306303E-01
1.62E-01,9.746018E-02,3.15698E-03,-4.278368E-01,9.036849E-02,1.0409E-01,3.2071E-03,-5.900067E-01,9.652138E-02,1.699549E+03,1.968987E+04,4.331414E-01
1.625E-01,9.722297E-02,3.198956E-03,-4.995742E-01,6.752843E-02,1.038151E-01,3.255874E-03,-5.255102E-01,1.035753E-01,1.715794E+03,1.789497E+04,4.946985E-01
1.63E-01,9.69606E-02,3.224508E-03,-5.624076E-01,5.937773E-02,1.035645E-01,3.310675E-03,-4.407654E-01,5.68491E-02,1.717444E+03,1.969295E+04,7.475547E-01
1.635E-01,9.666056E-02,3.258333E-03,-5.840793E-01,6.415497E-02,1.033743E-01,3.312723E-03,-3.813915E-01,1.233824E-02,1.735487E+03,1.994405E+04,4.641576E-01
1.64E-01,9.637652E-02,3.288663E-03,-5.498491E-01,1.204663E-02,1.031831E-01,3.323014E-03,-4.525335E-01,4.278523E-03,1.737388E+03,9.531546E+03,2.891522E-01
1.645E-01,9.611071E-02,3.27038E-03,-5.538296E-01,1.14798E-02,1.029218E-01,3.317002E-03,-4.866157E-01,2.59247E-03,1.745018E+03,1.522445E+04,3.921829E-01
1.65E-01,9.582269E-02,3.300143E-03,-5.477784E-01,1.487706E-02,1.026965E-01,3.325606E-03,-4.400928E-01,-2.687753E-02,1.752612E+03,2.150853E+04,2.122464E-01
1.655E-01,9.556293E-02,3.285257E-03,-5.426587E-01,1.024485E-02,1.024817E-01,3.290124E-03,-4.420186E-01,-5.284646E-02,1.766527E+03,2.526901E+04,4.030475E-02
1.66E-01,9.528003E-02,3.310388E-03,-5.648082E-01,2.338811E-02,1.022544E-01,3.27276E-03,-4.835539E-01,-3.252712E-02,1.777881E+03,1.250227E+04,-3.091175E-01
1.665E-01,9.499813E-02,3.308645E-03,-5.550428E-01,-3.332538E-02,1.019981E-01,3.257597E-03,-5.223912E-01,-3.912899E-02,1.779029E+03,1.443881E+04,-4.178287E-01
1.67E-01,9.472499E-02,3.277062E-03,-5.190898E-01,-3.325706E-02,1.01732E-01,3.233631E-03,-5.475154E-01,-4.081044E-02,1.79232E+03,2.316394E+04,-3.551309E-01
1.675E-01,9.447904E-02,3.275388E-03,-4.547639E-01,1.449324E-02,1.014506E-01,3.216786E-03,-5.48864E-01,-3.105627E-02,1.802193E+03,2.063233E+04,-4.816058E-01
1.68E-01,9.427023E-02,3.291555E-03,-4.595592E-01,-1.588384E-02,1.011832E-01,3.202574E-03,-5.734238E-01,-1.504871E-02,1.812953E+03,2.572137E+04,-7.374515E-01
1.685E-01,9.401948E-02,3.259504E-03,-5.112694E-01,5.573554E-02,1.008772E-01,3.201738E-03,-5.711234E-01,-5.45769E-03,1.827914E+03,2.087486E+04,-4.82625E-01
1.69E-01,9.375896E-02,3.347291E-03,-5.217936E-01,1.144112E-01,1.006121E-01,3.197117E-03,-5.862066E-01,4.436258E-03,1.833827E+03,1.714552E+04,-1.255343E+00
1.695E-01,9.349768E-02,3.373915E-03,-5.027442E-01,1.50513E-02,1.00291E-01,3.206174E-03,-6.254105E-01,2.487431E-02,1.84506E+03,2.546919E+04,-1.414473E+00
1.7E-01,9.325621E-02,3.362342E-03,-5.263827E-01,1.075981E-02,9.998664E-02,3.221991E-03,-5.274053E-01,1.023986E-02,1.859297E+03,2.229991E+04,-1.194631E+00
1.705E-01,9.29713E-02,3.384675E-03,-5.430748E-01,1.643376E-02,9.976357E-02,3.216414E-03,-4.436426E-01,2.25727E-02,1.86736E+03,2.243887E+04,-1.41907E+00
1.71E-01,9.271314E-02,3.378776E-03,-5.361262E-01,-2.825943E-02,9.9543E-02,3.244564E-03,-4.800684E-01,2.665249E-02,1.881736E+03,2.541467E+04,-1.125765E+00
1.715E-01,9.243518E-02,3.356416E-03,-5.903902E-01,-1.872825E-02,9.92835E-02,3.243066E-03,-5.172869E-01,-1.231897E-02,1.892774E+03,1.646179E+04,-9.4824E-01
1.72E-01,9.212275E-02,3.360048E-03,-5.804715E-01,2.288306E-02,9.902571E-02,3.232245E-03,-5.364615E-01,-2.189553E-02,1.898197E+03,1.923949E+04,-1.060667E+00
1.725E-01,9.18547E-02,3.379299E-03,-5.871349E-01,-7.049831E-04,9.874704E-02,3.221171E-03,-5.328095E-01,-2.906399E-02,1.912014E+03,1.574864E+04,-1.314284E+00
1.73E-01,9.153561E-02,3.359343E-03,-6.217874E-01,7.143872E-04,9.84929E-02,3.203181E-03,-5.375332E-01,4.857651E-03,1.913946E+03,9.833646E+03,-1.285836E+00
1.735E-01,9.123292E-02,3.380013E-03,-5.679674E-01,-8.716265E-03,9.82095E-02,3.226028E-03,-5.216181E-01,2.589987E-02,1.921848E+03,2.117328E+04,-1.264407E+00
1.74E-01,9.096765E-02,3.350627E-03,-5.607146E-01,-8.823578E-03,9.797129E-02,3.229081E-03,-4.769819E-01,2.809479E-02,1.935119E+03,2.936857E+04,-9.942512E-01
1.745E-01,9.06722E-02,3.37119E-03,-5.512773E-01,-3.921136E-02,9.773252E-02,3.254123E-03,-4.920972E-01,3.598791E-02,1.951216E+03,1.562976E+04,-9.499283E-01
1.75E-01,9.041637E-02,3.311415E-03,-5.502711E-01,-6.614641E-02,9.747919E-02,3.265068E-03,-5.298347E-01,6.75916E-02,1.950749E+03,1.823774E+04,-3.759741E-01
1.755E-01,9.012193E-02,3.305043E-03,-5.431061E-01,-4.851689E-02,9.720269E-02,3.321715E-03,-5.5512E-01,1.140083E-01,1.969454E+03,2.764081E+04,1.349022E-01
1.76E-01,8.987326E-02,3.262898E-03,-5.724973E-01,-3.160252E-02,9.692407E-02,3.379077E-03,-5.717504E-01,9.119761E-02,1.97839E+03,1.871617E+04,9.439961E-01
1.765E-01,8.954943E-02,3.273441E-03,-5.893569E-01,-9.167587E-03,9.663094E-02,3.412912E-03,-5.730319E-01,4.047676E-04,1.98817E+03,2.441556E+04,1.128307E+00
1.77E-01,8.928391E-02,3.253731E-03,-5.438279E-01,-7.434294E-02,9.635104E-02,3.379482E-03,-5.250207E-01,-2.616651E-02,2.002805E+03,2.767865E+04,1.0194E+00
1.775E-01,8.900561E-02,3.199098E-03,-5.243283E-01,-1.343466E-01,9.610592E-02,3.386746E-03,-5.259283E-01,-1.687892E-02,2.015849E+03,2.186528E+04,1.51387E+00
1.78E-01,8.875958E-02,3.119384E-03,-5.386829E-01,-8.339513E-02,9.582511E-02,3.362603E-03,-5.197046E-01,-7.088244E-04,2.024671E+03,1.730829E+04,1.971528E+00
1.785E-01,8.846692E-02,3.115703E-03,-5.177591E-01,8.376664E-02,9.558621E-02,3.386037E-03,-5.307921E-01,-3.282513E-03,2.033157E+03,1.764094E+04,2.174597E+00
1.79E-01,8.824182E-02,3.203151E-03,-4.823354E-01,1.14123E-01,9.529432E-02,3.35932E-03,-5.402038E-01,-4.642653E-02,2.042312E+03,2.361323E+04,1.268541E+00
1.795E-01,8.798459E-02,3.229826E-03,-5.386917E-01,6.712601E-02,9.504601E-02,3.339611E-03,-5.529089E-01,-3.180065E-02,2.05677E+03,2.454637E+04,8.907142E-01
1.8E-01,8.770313E-02,3.270277E-03,-5.420767E-01,8.314613E-02,9.474141E-02,3.327519E-03,-5.753484E-01,-4.535295E-02,2.066858E+03,3.083179E+04,4.659787E-01
1.805E-01,8.744251E-02,3.312972E-03,-5.260068E-01,5.628144E-02,9.447066E-02,3.294258E-03,-5.862541E-01,-6.701897E-02,2.087602E+03,3.142364E+04,-1.525635E-01
1.81E-01,8.717712E-02,3.326558E-03,-5.313718E-01,1.832199E-02,9.415515E-02,3.2605E-03,-6.484728E-01,-1.187808E-02,2.098282E+03,1.246307E+04,-5.423762E-01
1.815E-01,8.691114E-02,3.331294E-03,-5.389482E-01,9.70825E-03,9.382219E-02,3.28238E-03,-6.408068E-01,1.818221E-02,2.100065E+03,1.719286E+04,-4.055147E-01
1.82E-01,8.663817E-02,3.336267E-03,-5.264842E-01,-8.29028E-03,9.351435E-02,3.278683E-03,-6.595461E-01,3.269856E-02,2.115474E+03,2.598875E+04,-4.798064E-01
1.825E-01,8.638465E-02,3.323003E-03,-5.44348E-01,4.942181E-03,9.316264E-02,3.315078E-03,-6.919826E-01,6.034973E-02,2.126054E+03,1.43278E+04,-6.699491E-02
1.83E-01,8.609382E-02,3.341209E-03,-5.106693E-01,1.709994E-02,9.282236E-02,3.339032E-03,-6.339037E-01,1.933028E-02,2.129802E+03,2.224766E+04,-1.853165E-02
1.835E-01,8.587399E-02,3.340103E-03,-5.391549E-01,-1.804199E-02,9.252874E-02,3.334408E-03,-5.992053E-01,-3.29333E-02,2.148301E+03,3.087665E+04,-4.903281E-02
1.84E-01,8.555467E-02,3.323167E-03,-5.702783E-01,-2.586177E-02,9.222316E-02,3.306099E-03,-5.52503E-01,-4.236866E-02,2.160679E+03,2.284671E+04,-1.466446E-01
1.845E-01,8.530371E-02,3.314242E-03,-5.170864E-01,7.922152E-03,9.197623E-02,3.29204E-03,-5.163178E-01,-4.266905E-02,2.171148E+03,1.895893E+04,-1.906431E-01
1.85E-01,8.503758E-02,3.331089E-03,-5.860931E-01,5.619247E-02,9.170684E-02,3.26343E-03,-5.36283E-01,-1.348565E-02,2.179638E+03,1.418125E+04,-5.812385E-01
1.855E-01,8.471761E-02,3.370434E-03,-6.46885E-01,3.899557E-02,9.143995E-02,3.278554E-03,-5.557707E-01,2.919232E-02,2.185329E+03,1.500986E+04,-7.830627E-01
1.86E-01,8.43907E-02,3.370084E-03,-6.479813E-01,-1.209989E-02,9.115107E-02,3.292622E-03,-5.489288E-01,3.041772E-02,2.194648E+03,1.837357E+04,-6.564806E-01
1.865E-01,8.406963E-02,3.358334E-03,-6.466605E-01,-1.553632E-02,9.089102E-02,3.308972E-03,-5.496355E-01,9.894061E-03,2.203703E+03,1.911232E+04,-4.14609E-01
1.87E-01,8.374404E-02,3.354548E-03,-6.510694E-01,2.864039E-02,9.060143E-02,3.302516E-03,-5.492047E-01,-2.588077E-03,2.21376E+03,2.130152E+04,-4.34733E-01
1.875E-01,8.341856E-02,3.386975E-03,-6.360964E-01,1.939982E-02,9.034182E-02,3.306384E-03,-5.568744E-01,-6.360958E-03,2.225004E+03,1.853873E+04,-6.669276E-01
1.88E-01,8.310794E-02,3.373948E-03,-6.137525E-01,-2.562906E-03,9.004456E-02,3.296155E-03,-5.947884E-01,-2.031352E-02,2.232299E+03,1.834025E+04,-6.425307E-01
1.885E-01,8.280481E-02,3.384412E-03,-6.304626E-01,2.726782E-02,8.974703E-02,3.28607E-03,-6.082501E-01,-3.490043E-03,2.243345E+03,1.984244E+04,-8.115816E-01
1.89E-01,8.247748E-02,3.401216E-03,-6.663496E-01,-4.664696E-03,8.943631E-02,3.292665E-03,-6.289344E-01,1.119442E-03,2.252141E+03,1.354213E+04,-8.936801E-01
1.895E-01,8.213846E-02,3.379747E-03,-6.423601E-01,-3.950976E-03,8.911809E-02,3.28719E-03,-6.228345E-01,-1.159596E-02,2.256887E+03,1.794608E+04,-7.597585E-01
1.9E-01,8.183512E-02,3.397265E-03,-6.284245E-01,1.196278E-02,8.881347E-02,3.281069E-03,-6.394826E-01,-8.328648E-03,2.270087E+03,1.736243E+04,-9.539328E-01
1.905E-01,8.151004E-02,3.39171E-03,-6.245218E-01,-4.504823E-02,8.847861E-02,3.278861E-03,-6.686878E-01,2.598049E-03,2.274249E+03,1.28735E+04,-9.277642E-01
1.91E-01,8.12106E-02,3.352217E-03,-6.199951E-01,-3.1961E-02,8.814479E-02,3.283668E-03,-6.301141E-01,5.955321E-03,2.282961E+03,1.576535E+04,-5.663876E-01
1.915E-01,8.089004E-02,3.359749E-03,-6.427127E-01,2.175183E-02,8.78485E-02,3.284816E-03,-5.787214E-01,1.085966E-02,2.290015E+03,1.382276E+04,-6.169685E-01
1.92E-01,8.056788E-02,3.373968E-03,-6.271875E-01,-1.55547E-02,8.756607E-02,3.294527E-03,-5.670594E-01,-1.264534E-03,2.296784E+03,4.484222E+03,-6.503756E-01
1.925E-01,8.026285E-02,3.344194E-03,-6.317832E-01,-3.303009E-02,8.728144E-02,3.283552E-03,-5.94916E-01,-4.647415E-03,2.294499E+03,4.35116E+03,-4.950374E-01
1.93E-01,7.99361E-02,3.340938E-03,-6.256844E-01,-1.685599E-02,8.697115E-02,3.28988E-03,-5.643766E-01,1.975379E-02,2.301135E+03,1.116723E+04,-4.158299E-01
1.935E-01,7.963717E-02,3.327338E-03,-5.729425E-01,-2.952549E-02,8.671706E-02,3.303306E-03,-5.367249E-01,3.081441E-02,2.305666E+03,1.399024E+04,-1.944884E-01
1.94E-01,7.936316E-02,3.311413E-03,-5.692886E-01,-3.250608E-02,8.643442E-02,3.320694E-03,-5.443697E-01,1.662698E-02,2.315125E+03,1.488255E+04,7.520381E-02
1.945E-01,7.906788E-02,3.294832E-03,-5.570118E-01,-1.725456E-02,8.617269E-02,3.319933E-03,-5.460585E-01,1.054182E-02,2.320549E+03,1.225162E+04,2.02419E-01
1.95E-01,7.880615E-02,3.294158E-03,-5.45755E-01,-4.827388E-02,8.588837E-02,3.331236E-03,-5.436875E-01,5.364842E-03,2.327377E+03,1.253763E+04,2.9996E-01
1.955E-01,7.852213E-02,3.246558E-03,-6.188506E-01,-8.149842E-03,8.5629E-02,3.325297E-03,-5.725416E-01,1.677297E-02,2.333086E+03,1.331064E+04,6.347713E-01
1.96E-01,7.81873E-02,3.286008E-03,-6.387746E-01,2.091693E-02,8.531582E-02,3.348009E-03,-6.50313E-01,4.167101E-02,2.340687E+03,1.3925E+04,4.983194E-01
1.965E-01,7.788335E-02,3.267475E-03,-5.897574E-01,-1.085925E-02,8.497869E-02,3.366968E-03,-6.42927E-01,3.260275E-02,2.347011E+03,1.646594E+04,8.033688E-01
1.97E-01,7.759754E-02,3.275149E-03,-5.785619E-01,-2.766785E-02,8.46729E-02,3.380612E-03,-6.126481E-01,5.165785E-03,2.357153E+03,1.871161E+04,8.539658E-01
1.975E-01,7.730479E-02,3.239807E-03,-5.875126E-01,-5.372058E-02,8.436604E-02,3.372134E-03,-6.562898E-01,7.895347E-03,2.365723E+03,1.518825E+04,1.07359E+00
1.98E-01,7.701003E-02,3.221429E-03,-5.810478E-01,-9.852975E-02,8.401661E-02,3.388507E-03,-6.744681E-01,-1.352644E-02,2.372341E+03,1.596409E+04,1.366013E+00
1.985E-01,7.672374E-02,3.141277E-03,-5.278914E-01,-7.092608E-02,8.369157E-02,3.358608E-03,-6.540074E-01,-4.44929E-02,2.381687E+03,1.420081E+04,1.786505E+00
1.99E-01,7.648213E-02,3.150502E-03,-5.435774E-01,-2.654845E-02,8.33626E-02,3.344014E-03,-6.243903E-01,-1.944339E-02,2.386542E+03,1.21108E+04,1.611008E+00
1.995E-01,7.618016E-02,3.114729E-03,-5.489682E-01,4.112257E-02,8.306718E-02,3.339164E-03,-6.060666E-01,-6.958916E-03,2.393798E+03,1.505748E+04,1.866504E+00
2E-01,7.593317E-02,3.191625E-03,-5.462308E-01,5.891239E-02,8.275653E-02,3.337055E-03,-6.513974E-01,-2.476563E-02,2.4016E+03,1.76706E+04,1.220992E+00
2.005E-01,7.563393E-02,3.173641E-03,-6.104312E-01,-2.371611E-02,8.241579E-02,3.314399E-03,-7.023647E-01,-5.335552E-03,2.411468E+03,2.487923E+04,1.189003E+00
2.01E-01,7.532273E-02,3.167909E-03,-5.783389E-01,4.021428E-02,8.205417E-02,3.33172E-03,-6.966408E-01,6.089795E-03,2.426479E+03,1.973825E+04,1.394029E+00
2.015E-01,7.505559E-02,3.213856E-03,-5.676955E-01,4.723896E-02,8.171915E-02,3.320489E-03,-6.924214E-01,8.293654E-03,2.431207E+03,1.507934E+04,9.167918E-01
2.02E-01,7.475504E-02,3.215148E-03,-6.569408E-01,4.12594E-02,8.136175E-02,3.340013E-03,-6.848759E-01,3.316979E-02,2.441558E+03,9.595857E+03,1.08275E+00
2.025E-01,7.439865E-02,3.255115E-03,-6.224336E-01,8.941847E-02,8.103427E-02,3.353658E-03,-5.990917E-01,2.16496E-02,2.440802E+03,1.839629E+04,8.50817E-01
2.03E-01,7.413261E-02,3.304566E-03,-5.86941E-01,7.01673E-02,8.076266E-02,3.361663E-03,-5.494107E-01,2.752646E-02,2.459955E+03,1.842266E+04,4.934072E-01
2.035E-01,7.381171E-02,3.325282E-03,-6.631152E-01,3.945241E-02,8.048486E-02,3.381185E-03,-5.277371E-01,-7.0334E-03,2.459225E+03,6.667072E+03,4.799678E-01
2.04E-01,7.346949E-02,3.344019E-03,-6.982638E-01,1.050086E-02,8.023492E-02,3.35463E-03,-5.513195E-01,-4.798175E-02,2.466622E+03,2.224969E+04,8.986186E-02
2.045E-01,7.311345E-02,3.335783E-03,-6.293514E-01,-4.659815E-03,7.993354E-02,3.333203E-03,-5.520935E-01,-2.677737E-02,2.481475E+03,1.936638E+04,-2.167662E-02
2.05E-01,7.284014E-02,3.339359E-03,-6.089086E-01,-2.611562E-03,7.968283E-02,3.327852E-03,-5.708631E-01,-3.980144E-02,2.485988E+03,1.388088E+04,-9.634918E-02
2.055E-01,7.250454E-02,3.333172E-03,-6.626827E-01,-1.997555E-02,7.936268E-02,3.293402E-03,-6.843259E-01,-4.894116E-03,2.495356E+03,2.001934E+04,-3.322526E-01
2.06E-01,7.217746E-02,3.319383E-03,-6.730742E-01,-4.785926E-02,7.89985E-02,3.322958E-03,-7.169843E-01,4.796555E-02,2.506007E+03,2.392425E+04,3.002687E-02
2.065E-01,7.183147E-02,3.285312E-03,-6.549097E-01,-9.050338E-03,7.864569E-02,3.341367E-03,-6.970946E-01,-5.459436E-03,2.51928E+03,2.216979E+04,4.713118E-01
2.07E-01,7.152255E-02,3.310333E-03,-6.226679E-01,5.466148E-02,7.83014E-02,3.317499E-03,-6.260895E-01,3.074052E-03,2.528177E+03,2.107756E+04,6.056448E-02
2.075E-01,7.12088E-02,3.339974E-03,-6.307791E-01,4.988647E-02,7.80196E-02,3.344441E-03,-5.824458E-01,3.011915E-02,2.540358E+03,2.228694E+04,3.758083E-02
2.08E-01,7.089177E-02,3.36022E-03,-6.471442E-01,3.044314E-02,7.771896E-02,3.347618E-03,-6.239806E-01,-1.706304E-02,2.550464E+03,1.44118E+04,-1.057573E-01
2.085E-01,7.056165E-02,3.370417E-03,-6.471251E-01,4.519719E-02,7.739562E-02,3.327378E-03,-5.958744E-01,-2.612393E-02,2.554769E+03,1.738373E+04,-3.608321E-01
2.09E-01,7.024464E-02,3.405417E-03,-5.955549E-01,-1.281164E-02,7.712308E-02,3.321494E-03,-5.719042E-01,-3.364308E-02,2.567848E+03,2.282152E+04,-6.990226E-01
2.095E-01,6.99661E-02,3.357605E-03,-5.725147E-01,2.674871E-02,7.682372E-02,3.293735E-03,-6.281864E-01,-2.001219E-02,2.577591E+03,1.635116E+04,-5.336248E-01
2.1E-01,6.967213E-02,3.432165E-03,-6.146507E-01,4.775168E-02,7.64949E-02,3.301482E-03,-6.470937E-01,-1.475855E-03,2.584199E+03,1.415014E+04,-1.097313E+00
2.105E-01,6.935145E-02,3.405357E-03,-6.107438E-01,-2.054141E-02,7.617662E-02,3.292259E-03,-6.502543E-01,-5.06538E-03,2.591741E+03,8.938904E+03,-9.493437E-01
2.11E-01,6.906138E-02,3.411624E-03,-5.740438E-01,-9.972226E-03,7.584464E-02,3.296416E-03,-6.602194E-01,4.848641E-03,2.593138E+03,1.295699E+04,-9.73025E-01
2.115E-01,6.87774E-02,3.395385E-03,-6.014164E-01,-1.746024E-02,7.551641E-02,3.297108E-03,-6.772216E-01,1.057624E-02,2.604698E+03,2.783544E+04,-8.355036E-01
2.12E-01,6.845997E-02,3.394164E-03,-6.294762E-01,6.801397E-03,7.516742E-02,3.306993E-03,-6.699085E-01,2.735488E-02,2.620973E+03,2.20909E+04,-7.445839E-01
2.125E-01,6.814793E-02,3.402186E-03,-6.412254E-01,-5.548709E-05,7.48465E-02,3.324463E-03,-6.500553E-01,3.969856E-02,2.626789E+03,1.742028E+04,-6.647735E-01
2.13E-01,6.781874E-02,3.394108E-03,-6.553187E-01,-1.628244E-03,7.451737E-02,3.346691E-03,-6.141785E-01,5.869626E-02,2.638394E+03,1.211837E+04,-4.055697E-01
2.135E-01,6.749261E-02,3.400558E-03,-6.695493E-01,-4.144449E-02,7.423232E-02,3.383159E-03,-5.798043E-01,4.796617E-02,2.638907E+03,7.599938E+03,-1.479127E-01
2.14E-01,6.714919E-02,3.352664E-03,-6.878797E-01,-5.946147E-02,7.393756E-02,3.394657E-03,-6.056717E-01,4.659162E-02,2.645993E+03,1.319195E+04,3.544323E-01
2.145E-01,6.680473E-02,3.341097E-03,-6.882791E-01,-6.390448E-03,7.362665E-02,3.429751E-03,-6.080814E-01,6.191617E-02,2.652099E+03,1.302677E+04,7.445441E-01
2.15E-01,6.646091E-02,3.346273E-03,-6.862513E-01,2.855362E-02,7.332948E-02,3.456573E-03,-5.881853E-01,4.436495E-02,2.65902E+03,1.42311E+04,9.200151E-01
2.155E-01,6.611848E-02,3.36965E-03,-6.71274E-01,1.541762E-02,7.303846E-02,3.474116E-03,-6.324837E-01,3.655351E-02,2.66633E+03,1.220565E+04,8.648825E-01
2.16E-01,6.578964E-02,3.361691E-03,-6.42609E-01,8.0493E-04,7.2697E-02,3.493127E-03,-6.249442E-01,5.419495E-02,2.671226E+03,1.538882E+04,1.090115E+00
2.165E-01,6.547587E-02,3.370455E-03,-6.584764E-01,-4.808089E-02,7.241352E-02,3.528311E-03,-5.88378E-01,5.587728E-02,2.681719E+03,1.772377E+04,1.303452E+00
2.17E-01,6.513116E-02,3.31361E-03,-6.907925E-01,-8.293933E-02,7.210862E-02,3.549004E-03,-6.314679E-01,4.380199E-02,2.68895E+03,1.655968E+04,1.932219E+00
2.175E-01,6.478508E-02,3.287516E-03,-6.798381E-01,6.611009E-03,7.178205E-02,3.572113E-03,-6.822443E-01,2.463945E-02,2.698279E+03,2.044402E+04,2.32918E+00
2.18E-01,6.445133E-02,3.320221E-03,-6.590387E-01,1.977627E-02,7.142638E-02,3.573644E-03,-7.060978E-01,1.850596E-02,2.709394E+03,2.151326E+04,2.080796E+00
2.185E-01,6.412604E-02,3.307292E-03,-6.593089E-01,-2.246585E-02,7.107595E-02,3.590618E-03,-6.481198E-01,1.051673E-02,2.719792E+03,2.361382E+04,2.334479E+00
2.19E-01,6.379202E-02,3.297755E-03,-6.127866E-01,-1.832655E-02,7.077826E-02,3.58416E-03,-6.192792E-01,-1.880811E-02,2.733008E+03,2.442356E+04,2.347561E+00
2.195E-01,6.351325E-02,3.288965E-03,-5.796165E-01,-4.559943E-02,7.045667E-02,3.57181E-03,-6.738912E-01,-4.494133E-02,2.744216E+03,2.228091E+04,2.332692E+00
2.2E-01,6.32124E-02,3.252156E-03,-5.723082E-01,3.465005E-03,7.010436E-02,3.539219E-03,-7.112291E-01,-4.239833E-02,2.755288E+03,2.043202E+04,2.385098E+00
2.205E-01,6.294094E-02,3.29243E-03,-5.427848E-01,2.325879E-02,6.974544E-02,3.529412E-03,-7.026506E-01,-4.317597E-02,2.764648E+03,2.021803E+04,1.994644E+00
2.21E-01,6.266961E-02,3.275415E-03,-5.530854E-01,2.74142E-02,6.940171E-02,3.496043E-03,-7.008388E-01,-4.965589E-02,2.775506E+03,3.531012E+04,1.877061E+00
2.215E-01,6.238786E-02,3.319845E-03,-5.761352E-01,2.486519E-02,6.90446E-02,3.479756E-03,-6.989721E-01,-5.813436E-02,2.799958E+03,3.789133E+04,1.376121E+00
2.22E-01,6.209348E-02,3.30028E-03,-5.622012E-01,-1.527196E-02,6.870274E-02,3.437909E-03,-6.956692E-01,-5.113543E-02,2.813398E+03,2.22633E+04,1.192935E+00
2.225E-01,6.182566E-02,3.304573E-03,-5.856724E-01,-2.724158E-02,6.834893E-02,3.428621E-03,-6.958665E-01,-7.971933E-02,2.822221E+03,1.662465E+04,1.089417E+00
2.23E-01,6.150781E-02,3.273038E-03,-6.407205E-01,-3.790344E-02,6.800688E-02,3.358189E-03,-6.349089E-01,-1.183819E-01,2.830022E+03,2.041547E+04,7.506498E-01
2.235E-01,6.118494E-02,3.266669E-03,-6.883718E-01,-1.121304E-02,6.771403E-02,3.310239E-03,-6.062054E-01,-7.991938E-02,2.842636E+03,2.3792E+04,3.823371E-01
2.24E-01,6.081944E-02,3.261825E-03,-7.656484E-01,3.851497E-02,6.740067E-02,3.27827E-03,-6.271686E-01,1.492869E-02,2.853814E+03,2.796471E+04,1.431674E-01
2.245E-01,6.041929E-02,3.305184E-03,-7.713406E-01,5.821825E-02,6.708686E-02,3.325168E-03,-6.409836E-01,1.953714E-02,2.870601E+03,2.493352E+04,1.717197E-01
2.25E-01,6.004809E-02,3.320043E-03,-7.119093E-01,4.052689E-02,6.675969E-02,3.297807E-03,-6.060357E-01,3.447086E-02,2.878748E+03,1.998438E+04,-1.898268E-01
2.255E-01,5.970738E-02,3.345711E-03,-6.84697E-01,4.058422E-02,6.648082E-02,3.359638E-03,-5.856512E-01,7.1568E-02,2.890586E+03,2.011093E+04,1.178086E-01
2.26E-01,5.93634E-02,3.360628E-03,-6.811546E-01,2.076547E-02,6.617404E-02,3.369375E-03,-6.496174E-01,4.146706E-02,2.898859E+03,1.91217E+04,7.358999E-02
2.265E-01,5.902622E-02,3.366477E-03,-6.716248E-01,1.435772E-03,6.58312E-02,3.401105E-03,-6.949014E-01,3.67562E-02,2.909707E+03,2.317956E+04,2.915611E-01
2.27E-01,5.869177E-02,3.362063E-03,-6.33549E-01,-1.053704E-02,6.547913E-02,3.406131E-03,-6.467349E-01,1.454827E-02,2.922038E+03,2.656525E+04,3.71996E-01
2.275E-01,5.839267E-02,3.35594E-03,-6.38211E-01,3.992256E-02,6.518447E-02,3.415654E-03,-6.134126E-01,3.282957E-03,2.936273E+03,1.990577E+04,5.037372E-01
2.28E-01,5.805356E-02,3.401986E-03,-6.804423E-01,6.902261E-02,6.486572E-02,3.409414E-03,-6.424472E-01,-1.001006E-02,2.941944E+03,1.85756E+04,6.247818E-02
2.285E-01,5.771223E-02,3.424962E-03,-7.306387E-01,2.641347E-02,6.454202E-02,3.405644E-03,-6.725823E-01,-1.789039E-02,2.954848E+03,1.190119E+04,-1.620647E-01
2.29E-01,5.732292E-02,3.428399E-03,-7.203582E-01,4.090519E-02,6.419314E-02,3.391524E-03,-6.961763E-01,-6.239041E-03,2.953845E+03,8.313403E+03,-3.075292E-01
2.295E-01,5.699187E-02,3.465867E-03,-6.52913E-01,5.266097E-02,6.384585E-02,3.399405E-03,-6.937626E-01,-1.613921E-02,2.963162E+03,1.685657E+04,-5.555782E-01
2.3E-01,5.667001E-02,3.48106E-03,-6.729449E-01,-2.494555E-02,6.349938E-02,3.375385E-03,-6.644114E-01,-2.945512E-02,2.970702E+03,2.134371E+04,-8.865082E-01
2.305E-01,5.631893E-02,3.440922E-03,-6.74706E-01,-3.463363E-02,6.318143E-02,3.369949E-03,-6.439326E-01,-2.157734E-02,2.984505E+03,1.639069E+04,-5.925344E-01
2.31E-01,5.59953E-02,3.446427E-03,-6.178442E-01,1.174411E-02,6.285544E-02,3.353807E-03,-6.475767E-01,-2.548959E-02,2.987093E+03,1.934023E+04,-7.73509E-01
2.315E-01,5.570109E-02,3.452666E-03,-5.458314E-01,-5.15976E-02,6.253386E-02,3.34446E-03,-6.654584E-01,-1.597943E-02,3.003845E+03,2.643857E+04,-9.07279E-01
2.32E-01,5.544947E-02,3.394829E-03,-6.114921E-01,-9.018945E-02,6.218999E-02,3.337828E-03,-7.067861E-01,-5.103696E-03,3.013531E+03,1.537274E+04,-4.845111E-01
2.325E-01,5.508959E-02,3.362476E-03,-6.467939E-01,-6.201662E-02,6.182707E-02,3.339356E-03,-7.059245E-01,9.721944E-03,3.019218E+03,9.675958E+03,-1.96615E-01
2.33E-01,5.480268E-02,3.332813E-03,-5.957163E-01,-3.708428E-02,6.148406E-02,3.34755E-03,-6.824625E-01,8.732805E-03,3.023207E+03,8.299333E+03,1.263788E-01
2.335E-01,5.449388E-02,3.325392E-03,-6.375918E-01,1.028935E-02,6.114461E-02,3.348089E-03,-6.711026E-01,3.494038E-02,3.027518E+03,2.047012E+04,1.955312E-01
2.34E-01,5.416509E-02,3.343102E-03,-6.308373E-01,5.9786E-03,6.081296E-02,3.38249E-03,-6.20135E-01,3.848993E-02,3.043677E+03,1.631884E+04,3.39471E-01
2.345E-01,5.386304E-02,3.331371E-03,-6.046731E-01,-4.147322E-02,6.052447E-02,3.386579E-03,-5.756244E-01,-1.275107E-05,3.043836E+03,5.747898E+03,4.748407E-01
2.35E-01,5.356041E-02,3.301629E-03,-6.616528E-01,-5.9835E-02,6.023733E-02,3.382478E-03,-6.337344E-01,5.622508E-03,3.049425E+03,1.418887E+04,6.937435E-01
2.355E-01,5.320139E-02,3.271536E-03,-7.109412E-01,-3.323275E-02,5.989074E-02,3.392201E-03,-6.441863E-01,1.207227E-02,3.058025E+03,1.826414E+04,1.033416E+00
2.36E-01,5.284947E-02,3.268396E-03,-7.015298E-01,-2.028175E-02,5.959315E-02,3.39455E-03,-6.060874E-01,-1.729866E-02,3.067689E+03,1.59412E+04,1.071706E+00
2.365E-01,5.249986E-02,3.251254E-03,-6.791266E-01,-7.260527E-02,5.928465E-02,3.374903E-03,-6.39919E-01,-2.868829E-02,3.073966E+03,1.778585E+04,1.044065E+00
2.37E-01,5.217035E-02,3.195791E-03,-6.77475E-01,-9.610779E-02,5.895323E-02,3.365862E-03,-6.699472E-01,-3.444847E-02,3.085475E+03,1.550263E+04,1.436307E+00
2.375E-01,5.182238E-02,3.155146E-03,-6.876939E-01,-5.232561E-02,5.861471E-02,3.340454E-03,-6.876044E-01,-6.747331E-02,3.089469E+03,1.535907E+04,1.562755E+00
2.38E-01,5.148265E-02,3.143465E-03,-6.742317E-01,-5.307741E-02,5.826562E-02,3.298388E-03,-6.586386E-01,-5.854721E-02,3.100834E+03,1.663409E+04,1.308409E+00
2.385E-01,5.114815E-02,3.102069E-03,-6.710844E-01,-4.01633E-02,5.795607E-02,3.281907E-03,-6.515461E-01,1.05014E-02,3.106103E+03,1.088266E+04,1.513176E+00
2.39E-01,5.081157E-02,3.103302E-03,-6.660312E-01,4.793213E-03,5.761408E-02,3.30889E-03,-6.95539E-01,5.425751E-02,3.111717E+03,1.40224E+04,1.731086E+00
2.395E-01,5.048212E-02,3.106862E-03,-6.531513E-01,3.654625E-02,5.726053E-02,3.336165E-03,-6.915463E-01,5.671552E-02,3.120126E+03,2.009154E+04,1.937484E+00
2.4E-01,5.015842E-02,3.139848E-03,-6.354443E-01,2.289489E-02,5.692253E-02,3.365605E-03,-6.530317E-01,3.361907E-02,3.131808E+03,1.311458E+04,1.911577E+00
2.405E-01,4.984667E-02,3.129757E-03,-5.970221E-01,2.92319E-02,5.66075E-02,3.369784E-03,-6.455237E-01,4.188001E-03,3.13324E+03,1.688493E+04,2.033295E+00
2.41E-01,4.956139E-02,3.16908E-03,-5.806285E-01,5.311492E-02,5.627701E-02,3.369793E-03,-6.852834E-01,-4.296845E-02,3.148693E+03,2.697863E+04,1.711921E+00
2.415E-01,4.926605E-02,3.182872E-03,-5.95804E-01,-4.379879E-03,5.592221E-02,3.326815E-03,-6.070822E-01,-7.305365E-02,3.160219E+03,1.122734E+04,1.238861E+00
2.42E-01,4.896559E-02,3.1647E-03,-6.012351E-01,-8.950279E-03,5.566993E-02,3.296739E-03,-5.730376E-01,-5.297825E-02,3.159921E+03,2.201861E+04,1.128274E+00
2.425E-01,4.866481E-02,3.173922E-03,-6.05791E-01,2.274068E-02,5.534917E-02,3.273837E-03,-6.732244E-01,2.490838E-02,3.182237E+03,3.114369E+04,8.563723E-01
2.43E-01,4.83598E-02,3.187441E-03,-6.411575E-01,8.371332E-03,5.49967E-02,3.321648E-03,-7.134476E-01,5.539208E-02,3.191064E+03,8.555585E+03,1.15844E+00
2.435E-01,4.802365E-02,3.182293E-03,-6.999199E-01,1.471801E-02,5.463573E-02,3.329229E-03,-7.236945E-01,2.172498E-02,3.190793E+03,1.306009E+04,1.27304E+00
2.44E-01,4.765988E-02,3.202159E-03,-7.189779E-01,2.724148E-02,5.427301E-02,3.343373E-03,-7.168519E-01,-1.027297E-02,3.204125E+03,2.007134E+04,1.223285E+00
2.445E-01,4.730468E-02,3.209534E-03,-6.794479E-01,3.271191E-02,5.391888E-02,3.318956E-03,-7.160707E-01,-1.349397E-02,3.210864E+03,1.730047E+04,9.477835E-01
2.45E-01,4.698043E-02,3.234871E-03,-6.445971E-01,1.854922E-02,5.355694E-02,3.329879E-03,-7.186943E-01,2.811383E-04,3.221425E+03,1.9219E+04,8.276724E-01
2.455E-01,4.666008E-02,3.228084E-03,-6.6056E-01,7.712064E-03,5.320018E-02,3.319237E-03,-7.158358E-01,-2.026291E-03,3.230083E+03,1.636883E+04,7.985164E-01
2.46E-01,4.631987E-02,3.242583E-03,-7.063002E-01,-2.776986E-04,5.28411E-02,3.327853E-03,-7.203313E-01,3.874533E-03,3.237794E+03,1.535306E+04,7.491418E-01
2.465E-01,4.595378E-02,3.227806E-03,-7.244141E-01,-1.530957E-02,5.247985E-02,3.323112E-03,-7.205002E-01,-9.993015E-03,3.245436E+03,1.61489E+04,8.366801E-01
2.47E-01,4.559546E-02,3.227273E-03,-6.914239E-01,-2.388808E-02,5.21206E-02,3.31786E-03,-6.673461E-01,6.265307E-03,3.253943E+03,1.874632E+04,7.953675E-01
2.475E-01,4.526235E-02,3.203918E-03,-6.937359E-01,-2.664586E-03,5.18125E-02,3.329377E-03,-6.478699E-01,4.775337E-02,3.264183E+03,1.947123E+04,1.097289E+00
2.48E-01,4.490172E-02,3.224609E-03,-7.110539E-01,1.322982E-02,5.147273E-02,3.365613E-03,-6.719721E-01,5.4616E-02,3.273414E+03,1.373184E+04,1.229296E+00
2.485E-01,4.45513E-02,3.217148E-03,-6.970621E-01,1.621122E-02,5.114053E-02,3.383993E-03,-6.819327E-01,5.263357E-02,3.277915E+03,1.609045E+04,1.450472E+00
2.49E-01,4.420466E-02,3.24082E-03,-6.924939E-01,2.617894E-02,5.07908E-02,3.418246E-03,-7.216094E-01,3.621844E-02,3.289504E+03,1.816082E+04,1.543142E+00
2.495E-01,4.385881E-02,3.243327E-03,-7.174271E-01,1.29223E-01,5.041892E-02,3.420212E-03,-7.31525E-01,2.059855E-02,3.296075E+03,1.453596E+04,1.544531E+00
2.5E-01,4.348723E-02,3.370043E-03,-7.207382E-01,1.689752E-01,5.005927E-02,3.438845E-03,-7.249414E-01,2.666677E-03,3.30404E+03,1.883938E+04,5.99804E-01
2.505E-01,4.313807E-02,3.412302E-03,-6.799176E-01,-2.052528E-02,4.969398E-02,3.422878E-03,-7.089916E-01,-2.489425E-02,3.314915E+03,2.095519E+04,9.243314E-02
2.51E-01,4.280732E-02,3.349517E-03,-6.362821E-01,-1.702725E-02,4.935028E-02,3.413951E-03,-6.76606E-01,-9.819552E-03,3.324996E+03,1.798004E+04,5.642146E-01
2.515E-01,4.250179E-02,3.395275E-03,-6.15816E-01,7.250867E-02,4.901737E-02,3.413059E-03,-6.789674E-01,-2.053698E-03,3.332895E+03,1.618288E+04,1.563869E-01
2.52E-01,4.21915E-02,3.422026E-03,-6.660742E-01,2.914715E-02,4.867131E-02,3.411897E-03,-7.10222E-01,5.845066E-03,3.341178E+03,2.022992E+04,-8.956304E-02
2.525E-01,4.183571E-02,3.424422E-03,-7.596536E-01,-1.746052E-02,4.830715E-02,3.418904E-03,-7.244519E-01,-1.607237E-02,3.353125E+03,2.574636E+04,-4.885406E-02
2.53E-01,4.143185E-02,3.404566E-03,-8.036243E-01,-4.808183E-02,4.794686E-02,3.395825E-03,-6.856205E-01,-3.312411E-02,3.366925E+03,2.000481E+04,-7.687112E-02
2.535E-01,4.103209E-02,3.37634E-03,-7.648289E-01,-6.123369E-02,4.762153E-02,3.38578E-03,-6.165446E-01,-7.183927E-03,3.37313E+03,1.540648E+04,8.207943E-02
2.54E-01,4.066702E-02,3.343332E-03,-6.976703E-01,-1.006302E-01,4.733032E-02,3.388641E-03,-5.945415E-01,-1.087119E-02,3.382331E+03,1.888935E+04,3.895917E-01
2.545E-01,4.033442E-02,3.27571E-03,-7.102228E-01,-1.343059E-01,4.702699E-02,3.374908E-03,-6.253347E-01,-4.484601E-03,3.392019E+03,2.211869E+04,8.491882E-01
2.55E-01,3.995679E-02,3.209026E-03,-7.026532E-01,-1.790766E-01,4.670498E-02,3.384156E-03,-6.603218E-01,2.433313E-02,3.40445E+03,2.351296E+04,1.486616E+00
2.555E-01,3.963176E-02,3.096633E-03,-6.959496E-01,-1.169043E-01,4.636667E-02,3.399242E-03,-6.310001E-01,4.934723E-03,3.415532E+03,2.000782E+04,2.572648E+00
2.56E-01,3.926084E-02,3.092122E-03,-7.129912E-01,2.385498E-02,4.607398E-02,3.389091E-03,-5.984738E-01,-1.137202E-07,3.424458E+03,1.79403E+04,2.495812E+00
2.565E-01,3.891877E-02,3.120488E-03,-6.819014E-01,1.954617E-02,4.57682E-02,3.399241E-03,-6.402502E-01,5.534635E-03,3.433472E+03,1.965104E+04,2.330501E+00
2.57E-01,3.857894E-02,3.111668E-03,-7.145959E-01,8.914034E-05,4.543373E-02,3.394626E-03,-6.976112E-01,-1.199989E-02,3.444109E+03,2.135521E+04,2.36376E+00
2.575E-01,3.820418E-02,3.120577E-03,-7.463673E-01,7.002797E-03,4.507058E-02,3.387242E-03,-7.427585E-01,-1.364969E-02,3.454827E+03,1.857098E+04,2.224026E+00
2.58E-01,3.783258E-02,3.118671E-03,-7.05313E-01,1.319474E-03,4.469097E-02,3.380976E-03,-7.652023E-01,8.845321E-03,3.46268E+03,1.422115E+04,2.190257E+00
2.585E-01,3.749886E-02,3.121897E-03,-6.533886E-01,-4.79283E-03,4.430538E-02,3.396087E-03,-7.486893E-01,6.653376E-04,3.469049E+03,1.84968E+04,2.306826E+00
2.59E-01,3.717919E-02,3.113878E-03,-6.498626E-01,1.372083E-02,4.394228E-02,3.381641E-03,-7.482796E-01,4.785335E-03,3.481177E+03,2.098188E+04,2.26726E+00
2.595E-01,3.6849E-02,3.135617E-03,-5.993078E-01,4.887158E-02,4.35571E-02,3.400872E-03,-7.623693E-01,2.215006E-03,3.49003E+03,1.21203E+04,2.264436E+00
2.6E-01,3.657988E-02,3.162749E-03,-5.678736E-01,8.453731E-04,4.317991E-02,3.383856E-03,-7.413516E-01,-2.318467E-02,3.493297E+03,1.938838E+04,1.918739E+00
2.605E-01,3.628113E-02,3.136463E-03,-5.486846E-01,-1.100333E-01,4.281575E-02,3.377688E-03,-7.16763E-01,-1.144723E-02,3.509419E+03,2.760384E+04,2.114106E+00
2.61E-01,3.603119E-02,3.052716E-03,-6.072786E-01,-5.776284E-02,4.246315E-02,3.372409E-03,-7.087016E-01,-1.446967E-03,3.520901E+03,1.560106E+04,2.845476E+00
2.615E-01,3.567385E-02,3.0787E-03,-6.698574E-01,3.973298E-02,4.210705E-02,3.376241E-03,-6.990771E-01,2.759962E-04,3.52502E+03,2.190972E+03,2.648088E+00
2.62E-01,3.536134E-02,3.092449E-03,-6.342999E-01,2.175671E-02,4.176407E-02,3.372685E-03,-6.79493E-01,3.616894E-03,3.523092E+03,1.887402E+04,2.506129E+00
2.625E-01,3.503955E-02,3.100457E-03,-6.30927E-01,1.182322E-02,4.142756E-02,3.379857E-03,-6.871321E-01,-4.381047E-03,3.543894E+03,1.954448E+04,2.504426E+00
2.63E-01,3.473041E-02,3.104272E-03,-6.351715E-01,3.096397E-02,4.107694E-02,3.368304E-03,-7.130534E-01,5.645141E-03,3.542636E+03,1.302663E+04,2.382273E+00
2.635E-01,3.440438E-02,3.131421E-03,-6.804681E-01,2.9433E-02,4.07145E-02,3.385503E-03,-7.264288E-01,6.414836E-04,3.55692E+03,2.195435E+04,2.305812E+00
2.64E-01,3.404994E-02,3.133705E-03,-7.090153E-01,1.813451E-02,4.035051E-02,3.368945E-03,-7.169479E-01,-1.954379E-02,3.564591E+03,9.540594E+03,2.138218E+00
2.645E-01,3.369536E-02,3.149555E-03,-7.269706E-01,3.135999E-02,3.999755E-02,3.365959E-03,-6.960268E-01,-1.65366E-02,3.566461E+03,1.119251E+04,1.96664E+00
2.65E-01,3.332297E-02,3.165065E-03,-7.40611E-01,5.369058E-02,3.965449E-02,3.352409E-03,-6.973128E-01,2.705775E-03,3.575783E+03,2.020264E+04,1.694832E+00
2.655E-01,3.295475E-02,3.203246E-03,-7.382416E-01,2.617459E-02,3.930024E-02,3.368665E-03,-7.111573E-01,3.017827E-03,3.586664E+03,1.892267E+04,1.493289E+00
2.66E-01,3.258473E-02,3.19124E-03,-7.547598E-01,-8.009092E-03,3.894333E-02,3.355427E-03,-7.187095E-01,-6.003221E-03,3.594706E+03,1.803595E+04,1.479116E+00
2.665E-01,3.219999E-02,3.195237E-03,-7.577957E-01,5.026903E-03,3.858153E-02,3.362661E-03,-7.248209E-01,-2.125321E-02,3.6047E+03,2.146666E+04,1.502855E+00
2.67E-01,3.182693E-02,3.196267E-03,-7.467765E-01,3.766902E-02,3.821851E-02,3.334173E-03,-7.235925E-01,-2.506259E-02,3.616172E+03,2.126985E+04,1.236039E+00
2.675E-01,3.145322E-02,3.232906E-03,-7.4584E-01,2.054545E-02,3.785794E-02,3.337599E-03,-7.357908E-01,-3.1238E-02,3.62597E+03,1.910549E+04,9.364862E-01
2.68E-01,3.108109E-02,3.216812E-03,-7.221106E-01,-2.639145E-03,3.748272E-02,3.302935E-03,-7.3512E-01,-4.080763E-02,3.635278E+03,2.129927E+04,7.707715E-01
2.685E-01,3.073111E-02,3.230267E-03,-7.010776E-01,3.1493E-02,3.712282E-02,3.296791E-03,-7.420695E-01,-3.973004E-02,3.647269E+03,1.915453E+04,5.963094E-01
2.69E-01,3.038002E-02,3.248305E-03,-7.153787E-01,5.021922E-02,3.674065E-02,3.263205E-03,-7.366086E-01,-4.277292E-02,3.654432E+03,1.440553E+04,1.342172E-01
2.695E-01,3.001573E-02,3.280486E-03,-7.174905E-01,2.962168E-02,3.638621E-02,3.254018E-03,-7.314815E-01,-5.927168E-02,3.661674E+03,1.738914E+04,-2.380465E-01
2.7E-01,2.966253E-02,3.277927E-03,-7.221946E-01,-2.295482E-02,3.600917E-02,3.203934E-03,-7.458623E-01,-8.813498E-02,3.671822E+03,1.494595E+04,-6.679618E-01
2.705E-01,2.929353E-02,3.257531E-03,-7.18665E-01,-1.175809E-02,3.564035E-02,3.165883E-03,-7.380399E-01,-8.88552E-02,3.67662E+03,1.648754E+04,-8.272909E-01
2.71E-01,2.894386E-02,3.266169E-03,-6.945534E-01,4.938166E-02,3.527113E-02,3.115078E-03,-7.478874E-01,-3.746293E-02,3.688309E+03,1.872747E+04,-1.367921E+00
2.715E-01,2.859898E-02,3.306913E-03,-6.797066E-01,5.236704E-02,3.489246E-02,3.12842E-03,-7.434953E-01,1.777834E-02,3.695348E+03,2.144544E+04,-1.624556E+00
2.72E-01,2.826415E-02,3.318536E-03,-6.704542E-01,-1.071311E-02,3.452763E-02,3.132857E-03,-7.183401E-01,1.442984E-02,3.709755E+03,2.370576E+04,-1.698021E+00
2.725E-01,2.792852E-02,3.2962E-03,-6.746773E-01,-2.59311E-02,3.417412E-02,3.14285E-03,-6.879034E-01,3.100474E-02,3.719053E+03,1.714238E+04,-1.406512E+00
2.73E-01,2.758948E-02,3.292605E-03,-6.792504E-01,-2.742084E-02,3.383973E-02,3.163862E-03,-6.729662E-01,2.663829E-02,3.726897E+03,1.480143E+04,-1.180017E+00
2.735E-01,2.724927E-02,3.268779E-03,-7.005998E-01,-4.59577E-02,3.350116E-02,3.169488E-03,-6.769701E-01,2.963668E-03,3.733855E+03,1.633362E+04,-9.098755E-01
2.74E-01,2.688888E-02,3.246647E-03,-7.086328E-01,-9.606622E-02,3.316276E-02,3.166825E-03,-6.679625E-01,1.002421E-02,3.743231E+03,3.025179E+04,-7.28929E-01
2.745E-01,2.654064E-02,3.172712E-03,-7.33944E-01,-1.367135E-01,3.283319E-02,3.179513E-03,-6.318843E-01,-1.769455E-02,3.764107E+03,2.241704E+04,6.191791E-02
2.75E-01,2.615493E-02,3.109934E-03,-7.764401E-01,-8.671857E-02,3.253087E-02,3.149131E-03,-6.101614E-01,-8.353836E-02,3.765648E+03,1.413411E+04,3.522293E-01
2.755E-01,2.57642E-02,3.085994E-03,-7.727646E-01,-2.38443E-02,3.222303E-02,3.095974E-03,-6.337948E-01,-6.805344E-02,3.778241E+03,2.000521E+04,8.85353E-02
2.76E-01,2.538217E-02,3.086089E-03,-7.737389E-01,-1.202801E-02,3.189708E-02,3.081077E-03,-6.92881E-01,1.392945E-02,3.785653E+03,2.081422E+04,-4.407983E-02
2.765E-01,2.499046E-02,3.073966E-03,-7.417428E-01,-3.383349E-03,3.153015E-02,3.109904E-03,-7.265497E-01,7.900607E-02,3.799055E+03,1.98975E+04,3.148571E-01
2.77E-01,2.464043E-02,3.082706E-03,-7.241102E-01,4.989768E-03,3.117053E-02,3.160083E-03,-7.248157E-01,7.00096E-02,3.80555E+03,1.69538E+04,6.788839E-01
2.775E-01,2.426635E-02,3.078956E-03,-7.27253E-01,2.462692E-03,3.080533E-02,3.179913E-03,-7.199503E-01,2.841658E-02,3.816009E+03,1.991917E+04,8.845397E-01
2.78E-01,2.391317E-02,3.085169E-03,-6.90531E-01,-1.458664E-03,3.045058E-02,3.1885E-03,-7.211595E-01,-1.771175E-03,3.825469E+03,1.603612E+04,9.055495E-01
2.785E-01,2.357582E-02,3.077497E-03,-6.714958E-01,-9.592594E-03,3.008418E-02,3.178142E-03,-7.553143E-01,-2.614139E-02,3.832045E+03,1.48512E+04,8.859512E-01
2.79E-01,2.324168E-02,3.075576E-03,-6.537439E-01,-3.142908E-02,2.969526E-02,3.162359E-03,-7.561033E-01,-4.122548E-02,3.840321E+03,2.426575E+04,7.704183E-01
2.795E-01,2.292208E-02,3.046068E-03,-6.463788E-01,-4.009097E-02,2.932807E-02,3.136917E-03,-7.399468E-01,-2.823711E-02,3.856311E+03,1.744323E+04,8.125051E-01
2.8E-01,2.25953E-02,3.035485E-03,-6.185443E-01,1.182329E-02,2.895532E-02,3.134121E-03,-7.468161E-01,-2.443776E-02,3.857764E+03,1.679172E+04,8.885168E-01
2.805E-01,2.230353E-02,3.057891E-03,-6.341026E-01,6.480384E-02,2.858126E-02,3.112479E-03,-7.594436E-01,5.195748E-02,3.873102E+03,1.377092E+04,4.982011E-01
2.81E-01,2.19612E-02,3.100289E-03,-6.683441E-01,8.33577E-02,2.819587E-02,3.186079E-03,-7.599854E-01,1.055164E-01,3.871535E+03,1.280978E+04,7.883462E-01
2.815E-01,2.163519E-02,3.141249E-03,-6.771724E-01,6.48443E-02,2.782127E-02,3.217995E-03,-7.518371E-01,5.660788E-02,3.885912E+03,2.325976E+04,7.107929E-01
2.82E-01,2.128402E-02,3.165133E-03,-6.986395E-01,5.787482E-02,2.744404E-02,3.242687E-03,-7.34022E-01,2.47613E-02,3.894795E+03,8.702193E+03,7.213049E-01
2.825E-01,2.093655E-02,3.199124E-03,-6.987903E-01,5.539656E-02,2.708725E-02,3.242757E-03,-7.196827E-01,1.133518E-02,3.894614E+03,1.481639E+04,4.064484E-01
2.83E-01,2.058523E-02,3.22053E-03,-7.006736E-01,4.268067E-03,2.672435E-02,3.254022E-03,-7.219859E-01,-8.392588E-04,3.909611E+03,1.509397E+04,3.125745E-01
2.835E-01,2.023588E-02,3.203392E-03,-6.588807E-01,6.901341E-03,2.636526E-02,3.241917E-03,-7.081462E-01,-6.316245E-03,3.909708E+03,6.200136E+03,3.601219E-01
2.84E-01,1.992635E-02,3.227431E-03,-6.435378E-01,1.444743E-02,2.601621E-02,3.247706E-03,-7.044717E-01,-1.192627E-02,3.915811E+03,1.671787E+04,1.907493E-01
2.845E-01,1.959234E-02,3.217839E-03,-6.829435E-01,-9.110543E-03,2.566079E-02,3.229991E-03,-7.208865E-01,-2.132732E-02,3.926426E+03,2.060421E+04,1.147332E-01
2.85E-01,1.924341E-02,3.218321E-03,-6.997771E-01,-2.672385E-02,2.529532E-02,3.226378E-03,-7.215341E-01,-2.881073E-02,3.936415E+03,2.482812E+04,7.628497E-02
2.855E-01,1.889256E-02,3.191115E-03,-7.098833E-01,-2.426273E-02,2.493926E-02,3.20118E-03,-7.241456E-01,-8.550466E-03,3.951254E+03,2.224584E+04,9.537181E-02
2.86E-01,1.853353E-02,3.194058E-03,-7.046651E-01,-4.595654E-02,2.457118E-02,3.217828E-03,-7.17328E-01,-8.464352E-03,3.958661E+03,1.550765E+04,2.255694E-01
2.865E-01,1.81879E-02,3.145159E-03,-7.119766E-01,-7.403634E-02,2.422193E-02,3.192716E-03,-7.083911E-01,-1.417812E-02,3.966762E+03,1.923714E+04,4.515674E-01
2.87E-01,1.782155E-02,3.120022E-03,-7.680109E-01,-1.487583E-02,2.386279E-02,3.20365E-03,-7.329547E-01,9.213352E-03,3.977898E+03,2.163724E+04,7.930883E-01
2.875E-01,1.741988E-02,3.130283E-03,-7.873168E-01,4.706065E-02,2.348897E-02,3.201929E-03,-7.289518E-01,9.600998E-03,3.988399E+03,2.001645E+04,6.76353E-01
2.88E-01,1.703423E-02,3.167082E-03,-7.781437E-01,3.809938E-02,2.313383E-02,3.213251E-03,-7.310869E-01,1.225565E-02,3.997915E+03,2.058318E+04,4.336692E-01
2.885E-01,1.664174E-02,3.168382E-03,-7.770872E-01,2.590257E-02,2.275789E-02,3.214185E-03,-7.498046E-01,2.856521E-03,4.008982E+03,1.978073E+04,4.290695E-01
2.89E-01,1.625714E-02,3.192985E-03,-7.532051E-01,6.559381E-02,2.238403E-02,3.216107E-03,-7.425216E-01,-1.780724E-03,4.017695E+03,1.626496E+04,2.162294E-01
2.895E-01,1.588854E-02,3.233976E-03,-7.666978E-01,4.218814E-02,2.201537E-02,3.212404E-03,-7.306948E-01,3.648355E-03,4.025247E+03,1.670523E+04,-2.017309E-01
2.9E-01,1.549045E-02,3.235173E-03,-7.9548E-01,-2.048108E-02,2.165333E-02,3.219756E-03,-7.357193E-01,-1.774817E-02,4.034401E+03,1.336805E+04,-1.433332E-01
2.905E-01,1.509306E-02,3.213495E-03,-7.708255E-01,-2.145429E-02,2.127965E-02,3.194656E-03,-7.304843E-01,-2.137689E-02,4.038615E+03,1.671628E+04,-1.744722E-01
2.91E-01,1.471962E-02,3.213719E-03,-7.424991E-01,-1.43027E-02,2.092285E-02,3.198379E-03,-7.240428E-01,-1.532472E-02,4.051117E+03,1.904968E+04,-1.416862E-01
2.915E-01,1.435056E-02,3.199192E-03,-7.529207E-01,-2.2421E-02,2.05556E-02,3.179331E-03,-7.404037E-01,-1.327386E-02,4.057665E+03,1.778061E+04,-1.833903E-01
2.92E-01,1.39667E-02,3.191298E-03,-7.343694E-01,-4.493598E-02,2.018245E-02,3.185105E-03,-7.162188E-01,1.099352E-02,4.068898E+03,1.01962E+04,-5.708427E-02
2.925E-01,1.361619E-02,3.154256E-03,-7.131145E-01,-4.573378E-02,1.983938E-02,3.190325E-03,-6.945749E-01,2.729492E-02,4.067861E+03,6.336496E+03,3.320725E-01
2.93E-01,1.325359E-02,3.145564E-03,-6.998555E-01,-1.271371E-02,1.948787E-02,3.2124E-03,-7.133794E-01,2.504607E-02,4.075234E+03,1.541982E+04,6.142272E-01
2.935E-01,1.291633E-02,3.141543E-03,-6.663581E-01,-1.26304E-02,1.912601E-02,3.215371E-03,-7.21795E-01,1.245549E-02,4.083281E+03,2.176637E+04,6.811715E-01
2.94E-01,1.258723E-02,3.132934E-03,-6.700996E-01,-3.876455E-02,1.876608E-02,3.224855E-03,-7.265119E-01,6.369375E-03,4.097E+03,3.056436E+04,8.523177E-01
2.945E-01,1.224623E-02,3.102778E-03,-6.926188E-01,-6.384276E-02,1.839949E-02,3.22174E-03,-7.15456E-01,-3.583543E-02,4.113846E+03,2.677012E+04,1.107573E+00
2.95E-01,1.189461E-02,3.069091E-03,-7.605285E-01,-5.019632E-02,1.805062E-02,3.18902E-03,-6.988655E-01,-6.042873E-02,4.123771E+03,1.569664E+04,1.116074E+00
2.955E-01,1.14857E-02,3.052582E-03,-7.624998E-01,-6.190379E-02,1.770063E-02,3.161312E-03,-6.889219E-01,-5.627785E-02,4.129542E+03,1.632567E+04,1.002285E+00
2.96E-01,1.113211E-02,3.007187E-03,-6.933972E-01,-7.806311E-02,1.73617E-02,3.132742E-03,-6.801114E-01,-5.069432E-02,4.140096E+03,2.209085E+04,1.154619E+00
2.965E-01,1.079231E-02,2.974519E-03,-6.853726E-01,-7.058137E-02,1.702052E-02,3.110617E-03,-6.703646E-01,-4.31014E-02,4.151633E+03,2.25137E+04,1.251826E+00
2.97E-01,1.044674E-02,2.936606E-03,-7.010557E-01,-4.504576E-02,1.669133E-02,3.089641E-03,-6.748322E-01,6.310192E-03,4.16261E+03,2.480512E+04,1.403854E+00
2.975E-01,1.009125E-02,2.929473E-03,-6.952145E-01,-3.448922E-02,1.634568E-02,3.116928E-03,-7.164214E-01,1.335486E-02,4.176438E+03,2.936005E+04,1.716725E+00
2.98E-01,9.751523E-03,2.902116E-03,-6.617867E-01,-3.943582E-02,1.597491E-02,3.102995E-03,-7.832116E-01,-4.596189E-02,4.19197E+03,2.135501E+04,1.848756E+00
2.985E-01,9.429464E-03,2.890037E-03,-6.380937E-01,-7.267359E-04,1.556247E-02,3.070966E-03,-8.180706E-01,-3.098134E-02,4.197793E+03,1.583032E+04,1.68978E+00
2.99E-01,9.113429E-03,2.90139E-03,-6.471435E-01,4.525934E-02,1.515684E-02,3.072014E-03,-8.186964E-01,6.771667E-02,4.2078E+03,1.515921E+04,1.61721E+00
2.995E-01,8.782321E-03,2.935296E-03,-6.756338E-01,4.705644E-02,1.474378E-02,3.138682E-03,-8.697347E-01,5.876341E-02,4.212952E+03,1.038949E+04,1.953991E+00
3E-01,8.437795E-03,2.948446E-03,-6.702311E-01,5.253213E-02,1.428711E-02,3.130778E-03,-8.669771E-01,3.030878E-02,4.21819E+03,1.687277E+04,1.785413E+00
3.005E-01,8.11209E-03,2.987829E-03,-6.61189E-01,7.651946E-02,1.38768E-02,3.168991E-03,-8.466592E-01,3.4028E-02,4.229825E+03,1.965847E+04,1.799992E+00
3.01E-01,7.776606E-03,3.024966E-03,-6.926179E-01,8.054867E-02,1.344045E-02,3.164806E-03,-8.12106E-01,1.320333E-02,4.237848E+03,1.556282E+04,1.414343E+00
3.015E-01,7.419472E-03,3.068377E-03,-7.334821E-01,7.039174E-02,1.306469E-02,3.182194E-03,-7.359211E-01,5.965863E-03,4.245388E+03,1.645871E+04,1.155023E+00
3.02E-01,7.043124E-03,3.095357E-03,-7.41154E-01,6.463497E-02,1.270453E-02,3.170771E-03,-7.406558E-01,-1.125663E-02,4.254307E+03,1.877867E+04,7.631772E-01
3.025E-01,6.678318E-03,3.133012E-03,-6.69884E-01,3.149026E-02,1.232404E-02,3.170938E-03,-7.09823E-01,-2.114803E-02,4.264167E+03,1.916024E+04,3.84883E-01
3.03E-01,6.37324E-03,3.126848E-03,-6.032664E-01,-3.111136E-03,1.19947E-02,3.149623E-03,-6.961223E-01,-2.290993E-02,4.273467E+03,1.81562E+04,2.321372E-01
3.035E-01,6.075051E-03,3.129901E-03,-5.881621E-01,-4.947919E-02,1.162792E-02,3.148028E-03,-7.247525E-01,-4.064171E-02,4.282323E+03,1.911135E+04,1.870355E-01
3.04E-01,5.785078E-03,3.077368E-03,-6.098446E-01,6.310841E-03,1.126995E-02,3.108982E-03,-7.382154E-01,-3.847837E-02,4.292579E+03,1.914266E+04,3.302333E-01
3.045E-01,5.465207E-03,3.136212E-03,-6.3372E-01,3.963096E-03,1.08897E-02,3.10955E-03,-7.829576E-01,-4.207931E-02,4.301465E+03,1.980184E+04,-2.816178E-01
3.05E-01,5.151358E-03,3.081331E-03,-6.970562E-01,-6.266429E-02,1.048699E-02,3.066902E-03,-7.818314E-01,-5.8933E-02,4.31238E+03,1.860183E+04,-1.549441E-01
3.055E-01,4.768151E-03,3.073548E-03,-7.200402E-01,5.660765E-03,1.010787E-02,3.050617E-03,-7.34355E-01,-4.785429E-02,4.320067E+03,1.755454E+04,-2.460525E-01
3.06E-01,4.431318E-03,3.086992E-03,-7.430326E-01,1.023129E-01,9.752639E-03,3.019048E-03,-7.366536E-01,3.632804E-03,4.329935E+03,2.134098E+04,-7.315294E-01
3.065E-01,4.025118E-03,3.175861E-03,-7.77396E-01,1.108996E-01,9.371215E-03,3.054249E-03,-7.355593E-01,4.954254E-02,4.341408E+03,2.185159E+04,-1.303121E+00
3.07E-01,3.653922E-03,3.197892E-03,-7.583668E-01,2.542086E-02,9.017079E-03,3.068591E-03,-7.157597E-01,3.104446E-02,4.351787E+03,1.916069E+04,-1.381085E+00
3.075E-01,3.266751E-03,3.201281E-03,-7.627633E-01,-4.554591E-03,8.655455E-03,3.085294E-03,-7.274116E-01,3.288257E-02,4.360569E+03,2.160552E+04,-1.233057E+00
3.08E-01,2.891158E-03,3.193337E-03,-7.30503E-01,-3.704224E-03,8.289668E-03,3.101473E-03,-7.311377E-01,2.826646E-02,4.373392E+03,1.934094E+04,-9.748829E-01
3.085E-01,2.536248E-03,3.197577E-03,,,7.924317E-03,3.11356E-03,,,4.37991E+03,,-8.933493E-01